{"DS": {"SC_0": [{"DtbId": "DTB_0", "2018": 1, "2019": 1, "2020": 1, "2021": 1, "2022": 1, "2023": 1, "2024": 1, "2025": 1, "2026": 1, "2027": 1, "2028": 1, "2029": 1, "2030": 1, "2031": 1, "2032": 1, "2033": 1, "2034": 1, "2035": 1, "2036": 1, "2037": 1, "2038": 1, "2039": 1, "2040": 1, "2041": 1, "2042": 1, "2043": 1, "2044": 1, "2045": 1, "2046": 1, "2047": 1, "2048": 1, "2049": 1, "2050": 1}], "SC_rht20": [{"DtbId": "DTB_0", "2018": null, "2019": null, "2020": null, "2021": null, "2022": null, "2023": null, "2024": null, "2025": null, "2026": null, "2027": null, "2028": null, "2029": null, "2030": null, "2031": null, "2032": null, "2033": null, "2034": null, "2035": null, "2036": null, "2037": null, "2038": null, "2039": null, "2040": null, "2041": null, "2042": null, "2043": null, "2044": null, "2045": null, "2046": null, "2047": null, "2048": null, "2049": null, "2050": null}]}}