{"DRI": {"SC_0": [{"TEC_oimr3": 0.05, "TEC_raomk": 0.05, "TEC_u94lb": 0.05, "TEC_2ze0f": 0.05, "TEC_xmlb9": 0.05, "TEC_izyrt": 0.05, "TEC_k3li4": 0.05, "TEC_oc5ct": 0.05, "TEC_mikld": 0.05, "TEC_krxrn": 0.05, "TEC_2ivjc": 0.05, "TEC_pqou7": 0.05, "TEC_12809": 0.05, "TEC_3i68f": 0.05, "TEC_6v4ij": 0.05, "TEC_w31j2": 0.05, "TEC_cejqf": 0.05, "TEC_gcu9c": 0.05, "TEC_plivs": 0.05, "TEC_1kawc": 0.05, "TEC_9d19v": 0.05, "TEC_p3ukd": 0.05, "TEC_xe68q": 0.05, "TEC_3emzr": 0.05, "TEC_imolm": 0.05, "TEC_sfrrz": 0.05, "TEC_c92ko": 0.05, "TEC_tvwgv": 0.05, "TEC_cfskh": 0.05, "TEC_nvd9v": 0.05, "TEC_bvhg4": 0.05, "TEC_7axxg": 0.05, "TEC_gq2jf": 0.05, "TEC_w1503": 0.05, "TEC_bpsfj": 0.05, "TEC_ba59e": 0.05, "TEC_luih0": 0.05, "TEC_57prg": 0.05, "TEC_wtgb5": 0.05, "TEC_uv8dt": 0.05, "TEC_jj6cu": 0.05, "TEC_p5uwu": 0.05, "TEC_plbpu": 0.05, "TEC_n1fxw": 0.05, "TEC_10gcp": 0.05, "TEC_opk1k": 0.05, "TEC_1r7o3": 0.05, "TEC_zsjnv": 0.05, "TEC_xo4go": 0.05, "TEC_kiwyi": 0.05, "TEC_fqsvv": 0.05, "TEC_gx4p5": 0.05, "TEC_m1uay": 0.05, "TEC_3hx3j": 0.05, "TEC_9hnk6": 0.05, "TEC_3beuk": 0.05, "TEC_n1181": 0.05, "TEC_yj7s0": 0.05, "TEC_52znj": 0.05, "TEC_no1c9": 0.05, "TEC_zanep": 0.05, "TEC_usv72": 0.05, "TEC_kbg30": 0.05, "TEC_vmphf": 0.05, "TEC_v74ym": 0.05, "TEC_ombvn": 0.05, "TEC_dce8s": 0.05, "TEC_e421h": 0.05, "TEC_y98hg": 0.05, "TEC_sb17e": 0.05, "TEC_2wl4i": 0.05, "TEC_ofs3g": 0.05, "TEC_bsdjf": 0.05, "TEC_05mwi": 0.05, "TEC_1f05a": 0.05, "TEC_5qw86": 0.05, "TEC_9qeq7": 0.05, "TEC_txtlr": 0.05, "TEC_zok2k": 0.05, "TEC_w264p": 0.05, "TEC_xghvc": 0.05, "TEC_pl42m": 0.05, "TEC_mhh30": 0.05, "TEC_7xa7p": 0.05, "TEC_jfe5d": 0.05, "TEC_4docw": 0.05, "TEC_k80nn": 0.05, "TEC_2aing": 0.05, "TEC_z7ymg": 0.05, "TEC_oblq1": 0.05, "TEC_jz1rn": 0.05, "TEC_1w22f": 0.05, "TEC_0c1by": 0.05, "TEC_yx2xg": 0.05, "TEC_trjtr": 0.05, "TEC_f8624": 0.05, "TEC_768t0": 0.05, "TEC_4fhkj": 0.05, "TEC_yx5iw": 0.05, "TEC_ugs8x": 0.05, "TEC_xz0rh": 0.05, "TEC_pb1gd": 0.05, "TEC_3nxx7": 0.05, "TEC_ouq68": 0.05, "TEC_vvef0": 0.05, "TEC_jxyff": 0.05, "TEC_fs15m": 0.05, "TEC_3rfbg": 0.05, "TEC_b8keu": 0.05, "TEC_1jnby": 0.05, "TEC_bmiu6": 0.05, "TEC_h6kt6": 0.05, "TEC_10u4g": 0.05, "TEC_kzk6o": 0.05, "TEC_wc5ky": 0.05, "TEC_i5fbm": 0.05, "TEC_vpmfg": 0.05, "TEC_u99zc": 0.05, "TEC_dq6bh": 0.05, "TEC_x2klz": 0.05, "TEC_9pcrp": 0.05, "TEC_19yhb": 0.05, "TEC_rlaqe": 0.05, "TEC_6lp4i": 0.05, "TEC_5elj6": 0.05, "TEC_7n0mq": 0.05, "TEC_f62h0": 0.05, "TEC_byuib": 0.05, "TEC_r3x0f": 0.05, "TEC_thq19": 0.05, "TEC_bq1bc": 0.05, "TEC_dzg6l": 0.05, "TEC_tm3c1": 0.05, "TEC_a0i9x": 0.05, "TEC_x2mi5": 0.05, "TEC_y5rz0": 0.05, "TEC_xkmzg": 0.05, "TEC_s5x5o": 0.05, "TEC_ni65r": 0.05, "TEC_5wu3q": 0.05, "TEC_9v38q": 0.05, "TEC_dezuy": 0.05, "TEC_7sqni": 0.05, "TEC_0s63m": 0.05, "TEC_bq3n6": 0.05, "TEC_f4h3r": 0.05, "TEC_tdo73": 0.05, "TEC_vgzpc": 0.05, "TEC_h18jf": 0.05, "TEC_m8ue7": 0.05, "TEC_lesmt": 0.05, "TEC_sj78x": 0.05, "TEC_yxj8u": 0.05, "TEC_zpbrv": 0.05, "TEC_fex42": 0.05, "TEC_8bvab": 0.05, "TEC_w1tqy": 0.05, "TEC_wh669": 0.05, "TEC_geqv5": 0.05, "TEC_ooukd": 0.05, "TEC_n0m43": 0.05, "TEC_v3ie3": 0.05, "TEC_r8bsa": 0.05, "TEC_yk380": 0.05, "TEC_unn8a": 0.05, "TEC_0ga01": 0.05, "TEC_s36pl": 0.05, "TEC_4z82n": 0.05, "TEC_xu5ow": 0.05, "TEC_oyb64": 0.05, "TEC_44fnw": 0.05, "TEC_5c6fs": 0.05, "TEC_hq3g6": 0.05, "TEC_x55kg": 0.05, "TEC_h80fr": 0.05, "TEC_mdelv": 0.05, "TEC_tntxk": 0.05, "TEC_jrk0s": 0.05, "TEC_zprru": 0.05, "TEC_hifb7": 0.05, "TEC_waya5": 0.05, "TEC_rbvfr": 0.05, "TEC_qkuke": 0.05, "TEC_lfee2": 0.05, "TEC_8koh7": 0.05, "TEC_mzrwj": 0.05, "TEC_7hecm": 0.05, "TEC_y4bmr": 0.05, "TEC_u1xbs": 0.05, "TEC_8xfq0": 0.05, "TEC_imrbm": 0.05, "TEC_x3t7d": 0.05, "TEC_1imfb": 0.05, "TEC_3rzp2": 0.05, "TEC_wzzmc": 0.05, "TEC_r4ppa": 0.05, "TEC_atxq2": 0.05, "TEC_5vhi1": 0.05, "TEC_s9uma": 0.05, "TEC_ow37d": 0.05, "TEC_2qdfm": 0.05, "TEC_sz8xb": 0.05, "TEC_ze7nc": 0.05, "TEC_surpj": 0.05, "TEC_8cido": 0.05, "TEC_a4i6j": 0.05, "TEC_s1kuj": 0.05, "TEC_o7wf1": 0.05, "TEC_ytklt": 0.05, "TEC_002a2": 0.05, "TEC_g5ckj": 0.05, "TEC_wurz3": 0.05, "TEC_gdct8": 0.05, "TEC_yg3c2": 0.05, "TEC_99tnk": 0.05, "TEC_5gq6h": 0.05, "TEC_3hm5h": 0.05, "TEC_x35jm": 0.05, "TEC_4q4t5": 0.05, "TEC_c2li9": 0.05, "TEC_xwgt8": 0.05, "TEC_itz0n": 0.05, "TEC_ezx5s": 0.05, "TEC_4bska": 0.05, "TEC_bqftb": 0.05, "TEC_wdouz": 0.05, "TEC_6s2kg": 0.05, "TEC_hgjfa": 0.05, "TEC_61mya": 0.05, "TEC_vsqx5": 0.05, "TEC_qwx08": 0.05, "TEC_r4cnm": 0.05, "TEC_rivjc": 0.05, "TEC_9xx8k": 0.05, "TEC_lw8b6": 0.05, "TEC_udyoy": 0.05, "TEC_tmykf": 0.05, "TEC_878i1": 0.05, "TEC_vdiqu": 0.05, "TEC_uny69": 0.05, "TEC_uugzu": 0.05, "TEC_cdvaq": 0.05, "TEC_dioij": 0.05, "TEC_qndah": 0.05, "TEC_hrpvw": 0.05, "TEC_xtpl0": 0.05, "TEC_o3ix2": 0.05, "TEC_av1gi": 0.05, "TEC_ligjg": 0.05, "TEC_sqb8r": 0.05, "TEC_jodfs": 0.05, "TEC_f4j6q": 0.05, "TEC_80558": 0.05, "TEC_x5dbi": 0.05, "TEC_dnhrf": 0.05, "TEC_u6xfw": 0.05, "TEC_g46xz": 0.05, "TEC_kmvst": 0.05, "TEC_bp7pj": 0.05, "TEC_k43od": 0.05, "TEC_wddf4": 0.05, "TEC_cl5fz": 0.05, "TEC_s6tdz": 0.05, "TEC_bfb5m": 0.05, "TEC_k6czi": 0.05, "TEC_9hps5": 0.05, "TEC_tw8me": 0.05, "TEC_md4p2": 0.05, "TEC_llp85": 0.05, "TEC_ptcxs": 0.05, "TEC_229pp": 0.05, "TEC_wsxay": 0.05, "TEC_frrfk": 0.05, "TEC_4daq1": 0.05, "TEC_8oeyt": 0.05, "TEC_9khh5": 0.05, "TEC_sko07": 0.05, "TEC_n7jyt": 0.05, "TEC_bvun5": 0.05, "TEC_gvofu": 0.05, "TEC_ope19": 0.05, "TEC_or1hg": 0.05, "TEC_bc993": 0.05, "TEC_unk1y": 0.05, "TEC_7rocn": 0.05, "TEC_01nqd": 0.05, "TEC_9farr": 0.05, "TEC_7eerq": 0.05, "TEC_tpdv1": 0.05, "TEC_i8m9b": 0.05, "TEC_45ayw": 0.05, "TEC_tph42": 0.05, "TEC_eg7cp": 0.05, "TEC_acsp9": 0.05, "TEC_j7c3r": 0.05}]}, "CAU": {"SC_0": [{"TEC_oimr3": 1.0, "TEC_raomk": 1.0, "TEC_u94lb": 1.0, "TEC_2ze0f": 1.0, "TEC_xmlb9": 1.0, "TEC_izyrt": 1.0, "TEC_k3li4": 1.0, "TEC_oc5ct": 1.0, "TEC_mikld": 1.0, "TEC_krxrn": 1.0, "TEC_2ivjc": 1.0, "TEC_pqou7": 1.0, "TEC_12809": 1.0, "TEC_3i68f": 1.0, "TEC_6v4ij": 1.0, "TEC_w31j2": 1.0, "TEC_cejqf": 1.0, "TEC_gcu9c": 1.0, "TEC_plivs": 1.0, "TEC_1kawc": 1.0, "TEC_9d19v": 1.0, "TEC_p3ukd": 1.0, "TEC_xe68q": 1.0, "TEC_3emzr": 1.0, "TEC_imolm": 1.0, "TEC_sfrrz": 1.0, "TEC_c92ko": 1.0, "TEC_tvwgv": 1.0, "TEC_cfskh": 1.0, "TEC_nvd9v": 1.0, "TEC_bvhg4": 1.0, "TEC_7axxg": 1.0, "TEC_gq2jf": 1.0, "TEC_w1503": 1.0, "TEC_bpsfj": 1.0, "TEC_ba59e": 1.0, "TEC_luih0": 1.0, "TEC_57prg": 1.0, "TEC_wtgb5": 1.0, "TEC_uv8dt": 1.0, "TEC_jj6cu": 1.0, "TEC_p5uwu": 1.0, "TEC_plbpu": 1.0, "TEC_n1fxw": 1.0, "TEC_10gcp": 1.0, "TEC_opk1k": 1.0, "TEC_1r7o3": 1.0, "TEC_zsjnv": 1.0, "TEC_xo4go": 1.0, "TEC_kiwyi": 1.0, "TEC_fqsvv": 1.0, "TEC_gx4p5": 1.0, "TEC_m1uay": 1.0, "TEC_3hx3j": 1.0, "TEC_9hnk6": 1.0, "TEC_3beuk": 1.0, "TEC_n1181": 1.0, "TEC_yj7s0": 1.0, "TEC_52znj": 1.0, "TEC_no1c9": 1.0, "TEC_zanep": 1.0, "TEC_usv72": 1.0, "TEC_kbg30": 1.0, "TEC_vmphf": 1.0, "TEC_v74ym": 1.0, "TEC_ombvn": 1.0, "TEC_dce8s": 1.0, "TEC_e421h": 1.0, "TEC_y98hg": 1.0, "TEC_sb17e": 1.0, "TEC_2wl4i": 1.0, "TEC_ofs3g": 1.0, "TEC_bsdjf": 1.0, "TEC_05mwi": 1.0, "TEC_1f05a": 1.0, "TEC_5qw86": 1.0, "TEC_9qeq7": 1.0, "TEC_txtlr": 1.0, "TEC_zok2k": 1.0, "TEC_w264p": 1.0, "TEC_xghvc": 1.0, "TEC_pl42m": 1.0, "TEC_mhh30": 1.0, "TEC_7xa7p": 1.0, "TEC_jfe5d": 1.0, "TEC_4docw": 1.0, "TEC_k80nn": 1.0, "TEC_2aing": 1.0, "TEC_z7ymg": 1.0, "TEC_oblq1": 1.0, "TEC_jz1rn": 1.0, "TEC_1w22f": 1.0, "TEC_0c1by": 1.0, "TEC_yx2xg": 1, "TEC_trjtr": 1, "TEC_f8624": 1, "TEC_768t0": 1, "TEC_4fhkj": 1, "TEC_yx5iw": 1, "TEC_ugs8x": 1, "TEC_xz0rh": 1, "TEC_pb1gd": 1, "TEC_3nxx7": 1, "TEC_ouq68": 1, "TEC_vvef0": 1, "TEC_jxyff": 1, "TEC_fs15m": 1, "TEC_3rfbg": 1, "TEC_b8keu": 1, "TEC_1jnby": 1, "TEC_bmiu6": 1, "TEC_h6kt6": 1, "TEC_10u4g": 1, "TEC_kzk6o": 1, "TEC_wc5ky": 1, "TEC_i5fbm": 1, "TEC_vpmfg": 1, "TEC_u99zc": 1, "TEC_dq6bh": 1, "TEC_x2klz": 1, "TEC_9pcrp": 1, "TEC_19yhb": 1, "TEC_rlaqe": 1, "TEC_6lp4i": 1, "TEC_5elj6": 1, "TEC_7n0mq": 1, "TEC_f62h0": 1, "TEC_byuib": 1, "TEC_r3x0f": 1, "TEC_thq19": 1, "TEC_bq1bc": 1, "TEC_dzg6l": 1, "TEC_tm3c1": 1, "TEC_a0i9x": 1, "TEC_x2mi5": 1, "TEC_y5rz0": 1, "TEC_xkmzg": 1, "TEC_s5x5o": 1, "TEC_ni65r": 1, "TEC_5wu3q": 1, "TEC_9v38q": 1, "TEC_dezuy": 1, "TEC_7sqni": 1, "TEC_0s63m": 1, "TEC_bq3n6": 1, "TEC_f4h3r": 1, "TEC_tdo73": 1, "TEC_vgzpc": 1, "TEC_h18jf": 1, "TEC_m8ue7": 1, "TEC_lesmt": 1, "TEC_sj78x": 1, "TEC_yxj8u": 1, "TEC_zpbrv": 1, "TEC_fex42": 1, "TEC_8bvab": 1, "TEC_w1tqy": 1, "TEC_wh669": 1, "TEC_geqv5": 1, "TEC_ooukd": 1, "TEC_n0m43": 1, "TEC_v3ie3": 1, "TEC_r8bsa": 1, "TEC_yk380": 1, "TEC_unn8a": 1, "TEC_0ga01": 1, "TEC_s36pl": 1, "TEC_4z82n": 1, "TEC_xu5ow": 1, "TEC_oyb64": 1, "TEC_44fnw": 1, "TEC_5c6fs": 1, "TEC_hq3g6": 1, "TEC_x55kg": 1, "TEC_h80fr": 1, "TEC_mdelv": 1, "TEC_tntxk": 1, "TEC_jrk0s": 1, "TEC_zprru": 1, "TEC_hifb7": 1, "TEC_waya5": 1, "TEC_rbvfr": 1, "TEC_qkuke": 1, "TEC_lfee2": 1, "TEC_8koh7": 1, "TEC_mzrwj": 1, "TEC_7hecm": 1, "TEC_y4bmr": 1, "TEC_u1xbs": 1, "TEC_8xfq0": 1, "TEC_imrbm": 1, "TEC_x3t7d": 1, "TEC_1imfb": 1, "TEC_3rzp2": 1, "TEC_wzzmc": 1, "TEC_r4ppa": 1, "TEC_atxq2": 1, "TEC_5vhi1": 1, "TEC_s9uma": 1, "TEC_ow37d": 1, "TEC_2qdfm": 1, "TEC_sz8xb": 1, "TEC_ze7nc": 1, "TEC_surpj": 1, "TEC_8cido": 1, "TEC_a4i6j": 1, "TEC_s1kuj": 1, "TEC_o7wf1": 1, "TEC_ytklt": 1, "TEC_002a2": 1, "TEC_g5ckj": 1, "TEC_wurz3": 1, "TEC_gdct8": 1, "TEC_yg3c2": 1, "TEC_99tnk": 1, "TEC_5gq6h": 1, "TEC_3hm5h": 1, "TEC_x35jm": 1, "TEC_4q4t5": 1, "TEC_c2li9": 1, "TEC_xwgt8": 1, "TEC_itz0n": 1, "TEC_ezx5s": 1, "TEC_4bska": 1, "TEC_bqftb": 1, "TEC_wdouz": 1, "TEC_6s2kg": 1, "TEC_hgjfa": 1, "TEC_61mya": 1, "TEC_vsqx5": 1, "TEC_qwx08": 1, "TEC_r4cnm": 1, "TEC_rivjc": 1, "TEC_9xx8k": 1, "TEC_lw8b6": 1, "TEC_udyoy": 1, "TEC_tmykf": 1, "TEC_878i1": 1, "TEC_vdiqu": 1, "TEC_uny69": 1, "TEC_uugzu": 1, "TEC_cdvaq": 1, "TEC_dioij": 1, "TEC_qndah": 1, "TEC_hrpvw": 1, "TEC_xtpl0": 1, "TEC_o3ix2": 1, "TEC_av1gi": 1, "TEC_ligjg": 1, "TEC_sqb8r": 1, "TEC_jodfs": 1, "TEC_f4j6q": 1, "TEC_80558": 1, "TEC_x5dbi": 1, "TEC_dnhrf": 1, "TEC_u6xfw": 1, "TEC_g46xz": 1, "TEC_kmvst": 1, "TEC_bp7pj": 1, "TEC_k43od": 1, "TEC_wddf4": 1, "TEC_cl5fz": 1, "TEC_s6tdz": 1, "TEC_bfb5m": 1, "TEC_k6czi": 1, "TEC_9hps5": 1, "TEC_tw8me": 1, "TEC_md4p2": 1, "TEC_llp85": 1, "TEC_ptcxs": 1, "TEC_229pp": 1, "TEC_wsxay": 1, "TEC_frrfk": 1, "TEC_4daq1": 1, "TEC_8oeyt": 1, "TEC_9khh5": 1, "TEC_sko07": 1, "TEC_n7jyt": 1, "TEC_bvun5": 1, "TEC_gvofu": 1, "TEC_ope19": 1, "TEC_or1hg": 1, "TEC_bc993": 1, "TEC_unk1y": 1, "TEC_7rocn": 1, "TEC_01nqd": 1, "TEC_9farr": 1, "TEC_7eerq": 1, "TEC_tpdv1": 1, "TEC_i8m9b": 1, "TEC_45ayw": 1, "TEC_tph42": 1, "TEC_eg7cp": 1, "TEC_acsp9": 1, "TEC_j7c3r": 1}]}, "OL": {"SC_0": [{"TEC_oimr3": 1, "TEC_raomk": 1, "TEC_u94lb": 1, "TEC_2ze0f": 1, "TEC_xmlb9": 1, "TEC_izyrt": 1, "TEC_k3li4": 1, "TEC_oc5ct": 1, "TEC_mikld": 1, "TEC_krxrn": 1, "TEC_2ivjc": 1, "TEC_pqou7": 1, "TEC_12809": 1, "TEC_3i68f": 1, "TEC_6v4ij": 1, "TEC_w31j2": 1, "TEC_cejqf": 1, "TEC_gcu9c": 1, "TEC_plivs": 1, "TEC_1kawc": 1, "TEC_9d19v": 1, "TEC_p3ukd": 1, "TEC_xe68q": 1, "TEC_3emzr": 1, "TEC_imolm": 1, "TEC_sfrrz": 1, "TEC_c92ko": 1, "TEC_tvwgv": 1, "TEC_cfskh": 1, "TEC_nvd9v": 1, "TEC_bvhg4": 40, "TEC_7axxg": 1, "TEC_gq2jf": 40, "TEC_w1503": 40, "TEC_bpsfj": 40, "TEC_ba59e": 40, "TEC_luih0": 40, "TEC_57prg": 40, "TEC_wtgb5": 100, "TEC_uv8dt": 1, "TEC_jj6cu": 1, "TEC_p5uwu": 1, "TEC_plbpu": 1, "TEC_n1fxw": 1, "TEC_10gcp": 1, "TEC_opk1k": 1, "TEC_1r7o3": 1, "TEC_zsjnv": 1, "TEC_xo4go": 1, "TEC_kiwyi": 1, "TEC_fqsvv": 1, "TEC_gx4p5": 1, "TEC_m1uay": 1, "TEC_3hx3j": 1, "TEC_9hnk6": 1, "TEC_3beuk": 1, "TEC_n1181": 1, "TEC_yj7s0": 1, "TEC_52znj": 1, "TEC_no1c9": 1, "TEC_zanep": 1, "TEC_usv72": 1, "TEC_kbg30": 1, "TEC_vmphf": 1, "TEC_v74ym": 1, "TEC_ombvn": 1, "TEC_dce8s": 1, "TEC_e421h": 1, "TEC_y98hg": 1, "TEC_sb17e": 1, "TEC_2wl4i": 1, "TEC_ofs3g": 1, "TEC_bsdjf": 1, "TEC_05mwi": 1, "TEC_1f05a": 1, "TEC_5qw86": 1, "TEC_9qeq7": 1, "TEC_txtlr": 1, "TEC_zok2k": 1, "TEC_w264p": 1, "TEC_xghvc": 1, "TEC_pl42m": 1, "TEC_mhh30": 1, "TEC_7xa7p": 1, "TEC_jfe5d": 1, "TEC_4docw": 1, "TEC_k80nn": 1, "TEC_2aing": 1, "TEC_z7ymg": 1, "TEC_oblq1": 1, "TEC_jz1rn": 1, "TEC_1w22f": 1, "TEC_0c1by": 1, "TEC_yx2xg": 1, "TEC_trjtr": 1, "TEC_f8624": 1, "TEC_768t0": 1, "TEC_4fhkj": 1, "TEC_yx5iw": 1, "TEC_ugs8x": 1, "TEC_xz0rh": 1, "TEC_pb1gd": 1, "TEC_3nxx7": 1, "TEC_ouq68": 1, "TEC_vvef0": 1, "TEC_jxyff": 1, "TEC_fs15m": 1, "TEC_3rfbg": 1, "TEC_b8keu": 1, "TEC_1jnby": 1, "TEC_bmiu6": 1, "TEC_h6kt6": 1, "TEC_10u4g": 1, "TEC_kzk6o": 1, "TEC_wc5ky": 1, "TEC_i5fbm": 1, "TEC_vpmfg": 1, "TEC_u99zc": 1, "TEC_dq6bh": 1, "TEC_x2klz": 1, "TEC_9pcrp": 1, "TEC_19yhb": 1, "TEC_rlaqe": 1, "TEC_6lp4i": 1, "TEC_5elj6": 1, "TEC_7n0mq": 1, "TEC_f62h0": 1, "TEC_byuib": 1, "TEC_r3x0f": 1, "TEC_thq19": 1, "TEC_bq1bc": 1, "TEC_dzg6l": 1, "TEC_tm3c1": 1, "TEC_a0i9x": 40, "TEC_x2mi5": 1, "TEC_y5rz0": 1, "TEC_xkmzg": 1, "TEC_s5x5o": 1, "TEC_ni65r": 1, "TEC_5wu3q": 1, "TEC_9v38q": 1, "TEC_dezuy": 1, "TEC_7sqni": 1, "TEC_0s63m": 1, "TEC_bq3n6": 1, "TEC_f4h3r": 1, "TEC_tdo73": 1, "TEC_vgzpc": 1, "TEC_h18jf": 1, "TEC_m8ue7": 1, "TEC_lesmt": 1, "TEC_sj78x": 1, "TEC_yxj8u": 1, "TEC_zpbrv": 1, "TEC_fex42": 1, "TEC_8bvab": 1, "TEC_w1tqy": 1, "TEC_wh669": 1, "TEC_geqv5": 1, "TEC_ooukd": 1, "TEC_n0m43": 1, "TEC_v3ie3": 1, "TEC_r8bsa": 1, "TEC_yk380": 1, "TEC_unn8a": 1, "TEC_0ga01": 1, "TEC_s36pl": 1, "TEC_4z82n": 1, "TEC_xu5ow": 1, "TEC_oyb64": 1, "TEC_44fnw": 1, "TEC_5c6fs": 1, "TEC_hq3g6": 1, "TEC_x55kg": 1, "TEC_h80fr": 1, "TEC_mdelv": 1, "TEC_tntxk": 1, "TEC_jrk0s": 1, "TEC_zprru": 1, "TEC_hifb7": 1, "TEC_waya5": 1, "TEC_rbvfr": 1, "TEC_qkuke": 1, "TEC_lfee2": 1, "TEC_8koh7": 1, "TEC_mzrwj": 1, "TEC_7hecm": 1, "TEC_y4bmr": 1, "TEC_u1xbs": 1, "TEC_8xfq0": 1, "TEC_imrbm": 1, "TEC_x3t7d": 1, "TEC_1imfb": 1, "TEC_3rzp2": 1, "TEC_wzzmc": 1, "TEC_r4ppa": 1, "TEC_atxq2": 1, "TEC_5vhi1": 1, "TEC_s9uma": 1, "TEC_ow37d": 1, "TEC_2qdfm": 1, "TEC_sz8xb": 1, "TEC_ze7nc": 1, "TEC_surpj": 1, "TEC_8cido": 1, "TEC_a4i6j": 1, "TEC_s1kuj": 1, "TEC_o7wf1": 1, "TEC_ytklt": 1, "TEC_002a2": 1, "TEC_g5ckj": 1, "TEC_wurz3": 1, "TEC_gdct8": 1, "TEC_yg3c2": 1, "TEC_99tnk": 1, "TEC_5gq6h": 1, "TEC_3hm5h": 1, "TEC_x35jm": 1, "TEC_4q4t5": 1, "TEC_c2li9": 1, "TEC_xwgt8": 1, "TEC_itz0n": 1, "TEC_ezx5s": 1, "TEC_4bska": 1, "TEC_bqftb": 1, "TEC_wdouz": 1, "TEC_6s2kg": 1, "TEC_hgjfa": 1, "TEC_61mya": 1, "TEC_vsqx5": 1, "TEC_qwx08": 1, "TEC_r4cnm": 1, "TEC_rivjc": 1, "TEC_9xx8k": 1, "TEC_lw8b6": 1, "TEC_udyoy": 1, "TEC_tmykf": 1, "TEC_878i1": 1, "TEC_vdiqu": 1, "TEC_uny69": 1, "TEC_uugzu": 1, "TEC_cdvaq": 1, "TEC_dioij": 1, "TEC_qndah": 1, "TEC_hrpvw": 1, "TEC_xtpl0": 1, "TEC_o3ix2": 1, "TEC_av1gi": 1, "TEC_ligjg": 1, "TEC_sqb8r": 1, "TEC_jodfs": 1, "TEC_f4j6q": 1, "TEC_80558": 1, "TEC_x5dbi": 1, "TEC_dnhrf": 1, "TEC_u6xfw": 1, "TEC_g46xz": 1, "TEC_kmvst": 1, "TEC_bp7pj": 1, "TEC_k43od": 1, "TEC_wddf4": 1, "TEC_cl5fz": 1, "TEC_s6tdz": 1, "TEC_bfb5m": 1, "TEC_k6czi": 1, "TEC_9hps5": 1, "TEC_tw8me": 1, "TEC_md4p2": 1, "TEC_llp85": 1, "TEC_ptcxs": 1, "TEC_229pp": 1, "TEC_wsxay": 1, "TEC_frrfk": 1, "TEC_4daq1": 1, "TEC_8oeyt": 1, "TEC_9khh5": 1, "TEC_sko07": 1, "TEC_n7jyt": 1, "TEC_bvun5": 1, "TEC_gvofu": 1, "TEC_ope19": 1, "TEC_or1hg": 1, "TEC_bc993": 1, "TEC_unk1y": 1, "TEC_7rocn": 1, "TEC_01nqd": 1, "TEC_9farr": 1, "TEC_7eerq": 1, "TEC_tpdv1": 1, "TEC_i8m9b": 1, "TEC_45ayw": 1, "TEC_tph42": 1, "TEC_eg7cp": 1, "TEC_acsp9": 1, "TEC_j7c3r": 1}]}, "TMPAL": {"SC_0": [{"TEC_oimr3": 0, "TEC_raomk": 0, "TEC_u94lb": 0, "TEC_2ze0f": 0, "TEC_xmlb9": 0, "TEC_izyrt": 0, "TEC_k3li4": 0, "TEC_oc5ct": 0, "TEC_mikld": 0, "TEC_krxrn": 0, "TEC_2ivjc": 0, "TEC_pqou7": 0, "TEC_12809": 0, "TEC_3i68f": 0, "TEC_6v4ij": 0, "TEC_w31j2": 0, "TEC_cejqf": 0, "TEC_gcu9c": 0, "TEC_plivs": 0, "TEC_1kawc": 0, "TEC_9d19v": 0, "TEC_p3ukd": 0, "TEC_xe68q": 0, "TEC_3emzr": 0, "TEC_imolm": 0, "TEC_sfrrz": 0, "TEC_c92ko": 0, "TEC_tvwgv": 0, "TEC_cfskh": 0, "TEC_nvd9v": 0, "TEC_bvhg4": 0, "TEC_7axxg": 0, "TEC_gq2jf": 0, "TEC_w1503": 0, "TEC_bpsfj": 0, "TEC_ba59e": 0, "TEC_luih0": 0, "TEC_57prg": 0, "TEC_wtgb5": 0, "TEC_uv8dt": 0, "TEC_jj6cu": 0, "TEC_p5uwu": 0, "TEC_plbpu": 0, "TEC_n1fxw": 0, "TEC_10gcp": 0, "TEC_opk1k": 0, "TEC_1r7o3": 0, "TEC_zsjnv": 0, "TEC_xo4go": 0, "TEC_kiwyi": 0, "TEC_fqsvv": 0, "TEC_gx4p5": 0, "TEC_m1uay": 0, "TEC_3hx3j": 0, "TEC_9hnk6": 0, "TEC_3beuk": 0, "TEC_n1181": 0, "TEC_yj7s0": 0, "TEC_52znj": 0, "TEC_no1c9": 0, "TEC_zanep": 0, "TEC_usv72": 0, "TEC_kbg30": 0, "TEC_vmphf": 0, "TEC_v74ym": 0, "TEC_ombvn": 0, "TEC_dce8s": 0, "TEC_e421h": 0, "TEC_y98hg": 0, "TEC_sb17e": 0, "TEC_2wl4i": 0, "TEC_ofs3g": 0, "TEC_bsdjf": 0, "TEC_05mwi": 0, "TEC_1f05a": 0, "TEC_5qw86": 0, "TEC_9qeq7": 0, "TEC_txtlr": 0, "TEC_zok2k": 0, "TEC_w264p": 0, "TEC_xghvc": 0, "TEC_pl42m": 0, "TEC_mhh30": 0, "TEC_7xa7p": 0, "TEC_jfe5d": 0, "TEC_4docw": 0, "TEC_k80nn": 0, "TEC_2aing": 0, "TEC_z7ymg": 0, "TEC_oblq1": 0, "TEC_jz1rn": 0, "TEC_1w22f": 0, "TEC_0c1by": 0, "TEC_yx2xg": 0, "TEC_trjtr": 0, "TEC_f8624": 0, "TEC_768t0": 0, "TEC_4fhkj": 0, "TEC_yx5iw": 0, "TEC_ugs8x": 0, "TEC_xz0rh": 0, "TEC_pb1gd": 0, "TEC_3nxx7": 0, "TEC_ouq68": 0, "TEC_vvef0": 0, "TEC_jxyff": 0, "TEC_fs15m": 0, "TEC_3rfbg": 0, "TEC_b8keu": 0, "TEC_1jnby": 0, "TEC_bmiu6": 0, "TEC_h6kt6": 0, "TEC_10u4g": 0, "TEC_kzk6o": 0, "TEC_wc5ky": 0, "TEC_i5fbm": 0, "TEC_vpmfg": 0, "TEC_u99zc": 0, "TEC_dq6bh": 0, "TEC_x2klz": 0, "TEC_9pcrp": 0, "TEC_19yhb": 0, "TEC_rlaqe": 0, "TEC_6lp4i": 0, "TEC_5elj6": 0, "TEC_7n0mq": 0, "TEC_f62h0": 0, "TEC_byuib": 0, "TEC_r3x0f": 0, "TEC_thq19": 0, "TEC_bq1bc": 0, "TEC_dzg6l": 0, "TEC_tm3c1": 0, "TEC_a0i9x": 0, "TEC_x2mi5": 0, "TEC_y5rz0": 0, "TEC_xkmzg": 0, "TEC_s5x5o": 0, "TEC_ni65r": 0, "TEC_5wu3q": 0, "TEC_9v38q": 0, "TEC_dezuy": 0, "TEC_7sqni": 0, "TEC_0s63m": 0, "TEC_bq3n6": 0, "TEC_f4h3r": 0, "TEC_tdo73": 0, "TEC_vgzpc": 0, "TEC_h18jf": 0, "TEC_m8ue7": 0, "TEC_lesmt": 0, "TEC_sj78x": 0, "TEC_yxj8u": 0, "TEC_zpbrv": 0, "TEC_fex42": 0, "TEC_8bvab": 0, "TEC_w1tqy": 0, "TEC_wh669": 0, "TEC_geqv5": 0, "TEC_ooukd": 0, "TEC_n0m43": 0, "TEC_v3ie3": 0, "TEC_r8bsa": 0, "TEC_yk380": 0, "TEC_unn8a": 0, "TEC_0ga01": 0, "TEC_s36pl": 0, "TEC_4z82n": 0, "TEC_xu5ow": 0, "TEC_oyb64": 0, "TEC_44fnw": 0, "TEC_5c6fs": 0, "TEC_hq3g6": 0, "TEC_x55kg": 0, "TEC_h80fr": 0, "TEC_mdelv": 0, "TEC_tntxk": 0, "TEC_jrk0s": 0, "TEC_zprru": 0, "TEC_hifb7": 0, "TEC_waya5": 0, "TEC_rbvfr": 0, "TEC_qkuke": 0, "TEC_lfee2": 0, "TEC_8koh7": 0, "TEC_mzrwj": 0, "TEC_7hecm": 0, "TEC_y4bmr": 0, "TEC_u1xbs": 0, "TEC_8xfq0": 0, "TEC_imrbm": 0, "TEC_x3t7d": 0, "TEC_1imfb": 0, "TEC_3rzp2": 0, "TEC_wzzmc": 0, "TEC_r4ppa": 0, "TEC_atxq2": 0, "TEC_5vhi1": 0, "TEC_s9uma": 0, "TEC_ow37d": 0, "TEC_2qdfm": 0, "TEC_sz8xb": 0, "TEC_ze7nc": 0, "TEC_surpj": 0, "TEC_8cido": 0, "TEC_a4i6j": 0, "TEC_s1kuj": 0, "TEC_o7wf1": 0, "TEC_ytklt": 0, "TEC_002a2": 0, "TEC_g5ckj": 0, "TEC_wurz3": 0, "TEC_gdct8": 0, "TEC_yg3c2": 0, "TEC_99tnk": 0, "TEC_5gq6h": 0, "TEC_3hm5h": 0, "TEC_x35jm": 0, "TEC_4q4t5": 0, "TEC_c2li9": 0, "TEC_xwgt8": 0, "TEC_itz0n": 0, "TEC_ezx5s": 0, "TEC_4bska": 0, "TEC_bqftb": 0, "TEC_wdouz": 0, "TEC_6s2kg": 0, "TEC_hgjfa": 0, "TEC_61mya": 0, "TEC_vsqx5": 0, "TEC_qwx08": 0, "TEC_r4cnm": 0, "TEC_rivjc": 0, "TEC_9xx8k": 0, "TEC_lw8b6": 0, "TEC_udyoy": 0, "TEC_tmykf": 0, "TEC_878i1": 0, "TEC_vdiqu": 0, "TEC_uny69": 0, "TEC_uugzu": 0, "TEC_cdvaq": 0, "TEC_dioij": 0, "TEC_qndah": 0, "TEC_hrpvw": 0, "TEC_xtpl0": 0, "TEC_o3ix2": 0, "TEC_av1gi": 0, "TEC_ligjg": 0, "TEC_sqb8r": 0, "TEC_jodfs": 0, "TEC_f4j6q": 0, "TEC_80558": 0, "TEC_x5dbi": 0, "TEC_dnhrf": 0, "TEC_u6xfw": 0, "TEC_g46xz": 0, "TEC_kmvst": 0, "TEC_bp7pj": 0, "TEC_k43od": 0, "TEC_wddf4": 0, "TEC_cl5fz": 0, "TEC_s6tdz": 0, "TEC_bfb5m": 0, "TEC_k6czi": 0, "TEC_9hps5": 0, "TEC_tw8me": 0, "TEC_md4p2": 0, "TEC_llp85": 0, "TEC_ptcxs": 0, "TEC_229pp": 0, "TEC_wsxay": 0, "TEC_frrfk": 0, "TEC_4daq1": 0, "TEC_8oeyt": 0, "TEC_9khh5": 0, "TEC_sko07": 0, "TEC_n7jyt": 0, "TEC_bvun5": 0, "TEC_gvofu": 0, "TEC_ope19": 0, "TEC_or1hg": 0, "TEC_bc993": 0, "TEC_unk1y": 0, "TEC_7rocn": 0, "TEC_01nqd": 0, "TEC_9farr": 0, "TEC_7eerq": 0, "TEC_tpdv1": 0, "TEC_i8m9b": 0, "TEC_45ayw": 0, "TEC_tph42": 0, "TEC_eg7cp": 0, "TEC_acsp9": 0, "TEC_j7c3r": 0}]}, "TMPAU": {"SC_0": [{"TEC_oimr3": 999999, "TEC_raomk": 999999, "TEC_u94lb": 999999, "TEC_2ze0f": 999999, "TEC_xmlb9": 999999, "TEC_izyrt": 999999, "TEC_k3li4": 999999, "TEC_oc5ct": 999999, "TEC_mikld": 999999, "TEC_krxrn": 999999, "TEC_2ivjc": 999999, "TEC_pqou7": 999999, "TEC_12809": 999999, "TEC_3i68f": 999999, "TEC_6v4ij": 999999, "TEC_w31j2": 999999, "TEC_cejqf": 999999, "TEC_gcu9c": 999999, "TEC_plivs": 999999, "TEC_1kawc": 999999, "TEC_9d19v": 999999, "TEC_p3ukd": 999999, "TEC_xe68q": 999999, "TEC_3emzr": 999999, "TEC_imolm": 999999, "TEC_sfrrz": 999999, "TEC_c92ko": 999999, "TEC_tvwgv": 999999, "TEC_cfskh": 999999, "TEC_nvd9v": 999999, "TEC_bvhg4": 999999, "TEC_7axxg": 999999, "TEC_gq2jf": 999999, "TEC_w1503": 999999, "TEC_bpsfj": 999999, "TEC_ba59e": 999999, "TEC_luih0": 999999, "TEC_57prg": 999999, "TEC_wtgb5": 999999, "TEC_uv8dt": 999999, "TEC_jj6cu": 999999, "TEC_p5uwu": 999999, "TEC_plbpu": 999999, "TEC_n1fxw": 999999, "TEC_10gcp": 999999, "TEC_opk1k": 999999, "TEC_1r7o3": 999999, "TEC_zsjnv": 999999, "TEC_xo4go": 999999, "TEC_kiwyi": 999999, "TEC_fqsvv": 999999, "TEC_gx4p5": 999999, "TEC_m1uay": 999999, "TEC_3hx3j": 999999, "TEC_9hnk6": 999999, "TEC_3beuk": 999999, "TEC_n1181": 999999, "TEC_yj7s0": 999999, "TEC_52znj": 999999, "TEC_no1c9": 999999, "TEC_zanep": 999999, "TEC_usv72": 999999, "TEC_kbg30": 999999, "TEC_vmphf": 999999, "TEC_v74ym": 999999, "TEC_ombvn": 999999, "TEC_dce8s": 999999, "TEC_e421h": 999999, "TEC_y98hg": 999999, "TEC_sb17e": 999999, "TEC_2wl4i": 999999, "TEC_ofs3g": 999999, "TEC_bsdjf": 999999, "TEC_05mwi": 999999, "TEC_1f05a": 999999, "TEC_5qw86": 999999, "TEC_9qeq7": 999999, "TEC_txtlr": 999999, "TEC_zok2k": 999999, "TEC_w264p": 999999, "TEC_xghvc": 999999, "TEC_pl42m": 999999, "TEC_mhh30": 999999, "TEC_7xa7p": 999999, "TEC_jfe5d": 999999, "TEC_4docw": 999999, "TEC_k80nn": 999999, "TEC_2aing": 999999, "TEC_z7ymg": 999999, "TEC_oblq1": 999999, "TEC_jz1rn": 999999, "TEC_1w22f": 999999, "TEC_0c1by": 999999, "TEC_yx2xg": 999999, "TEC_trjtr": 999999, "TEC_f8624": 999999, "TEC_768t0": 999999, "TEC_4fhkj": 999999, "TEC_yx5iw": 999999, "TEC_ugs8x": 999999, "TEC_xz0rh": 999999, "TEC_pb1gd": 999999, "TEC_3nxx7": 999999, "TEC_ouq68": 999999, "TEC_vvef0": 999999, "TEC_jxyff": 999999, "TEC_fs15m": 999999, "TEC_3rfbg": 999999, "TEC_b8keu": 999999, "TEC_1jnby": 999999, "TEC_bmiu6": 999999, "TEC_h6kt6": 999999, "TEC_10u4g": 999999, "TEC_kzk6o": 999999, "TEC_wc5ky": 999999, "TEC_i5fbm": 999999, "TEC_vpmfg": 999999, "TEC_u99zc": 999999, "TEC_dq6bh": 999999, "TEC_x2klz": 999999, "TEC_9pcrp": 999999, "TEC_19yhb": 999999, "TEC_rlaqe": 999999, "TEC_6lp4i": 999999, "TEC_5elj6": 999999, "TEC_7n0mq": 999999, "TEC_f62h0": 999999, "TEC_byuib": 999999, "TEC_r3x0f": 999999, "TEC_thq19": 999999, "TEC_bq1bc": 999999, "TEC_dzg6l": 999999, "TEC_tm3c1": 999999, "TEC_a0i9x": 999999, "TEC_x2mi5": 999999, "TEC_y5rz0": 999999, "TEC_xkmzg": 999999, "TEC_s5x5o": 999999, "TEC_ni65r": 999999, "TEC_5wu3q": 999999, "TEC_9v38q": 999999, "TEC_dezuy": 999999, "TEC_7sqni": 999999, "TEC_0s63m": 999999, "TEC_bq3n6": 999999, "TEC_f4h3r": 999999, "TEC_tdo73": 999999, "TEC_vgzpc": 999999, "TEC_h18jf": 999999, "TEC_m8ue7": 999999, "TEC_lesmt": 999999, "TEC_sj78x": 999999, "TEC_yxj8u": 999999, "TEC_zpbrv": 999999, "TEC_fex42": 999999, "TEC_8bvab": 999999, "TEC_w1tqy": 999999, "TEC_wh669": 999999, "TEC_geqv5": 999999, "TEC_ooukd": 999999, "TEC_n0m43": 999999, "TEC_v3ie3": 999999, "TEC_r8bsa": 999999, "TEC_yk380": 999999, "TEC_unn8a": 999999, "TEC_0ga01": 999999, "TEC_s36pl": 999999, "TEC_4z82n": 999999, "TEC_xu5ow": 999999, "TEC_oyb64": 999999, "TEC_44fnw": 999999, "TEC_5c6fs": 999999, "TEC_hq3g6": 999999, "TEC_x55kg": 999999, "TEC_h80fr": 999999, "TEC_mdelv": 999999, "TEC_tntxk": 999999, "TEC_jrk0s": 999999, "TEC_zprru": 999999, "TEC_hifb7": 999999, "TEC_waya5": 999999, "TEC_rbvfr": 999999, "TEC_qkuke": 999999, "TEC_lfee2": 999999, "TEC_8koh7": 999999, "TEC_mzrwj": 999999, "TEC_7hecm": 999999, "TEC_y4bmr": 999999, "TEC_u1xbs": 999999, "TEC_8xfq0": 999999, "TEC_imrbm": 999999, "TEC_x3t7d": 999999, "TEC_1imfb": 999999, "TEC_3rzp2": 999999, "TEC_wzzmc": 999999, "TEC_r4ppa": 999999, "TEC_atxq2": 999999, "TEC_5vhi1": 999999, "TEC_s9uma": 999999, "TEC_ow37d": 999999, "TEC_2qdfm": 999999, "TEC_sz8xb": 999999, "TEC_ze7nc": 999999, "TEC_surpj": 999999, "TEC_8cido": 999999, "TEC_a4i6j": 999999, "TEC_s1kuj": 999999, "TEC_o7wf1": 999999, "TEC_ytklt": 999999, "TEC_002a2": 999999, "TEC_g5ckj": 999999, "TEC_wurz3": 999999, "TEC_gdct8": 999999, "TEC_yg3c2": 999999, "TEC_99tnk": 999999, "TEC_5gq6h": 999999, "TEC_3hm5h": 999999, "TEC_x35jm": 999999, "TEC_4q4t5": 999999, "TEC_c2li9": 999999, "TEC_xwgt8": 999999, "TEC_itz0n": 999999, "TEC_ezx5s": 999999, "TEC_4bska": 999999, "TEC_bqftb": 999999, "TEC_wdouz": 999999, "TEC_6s2kg": 999999, "TEC_hgjfa": 999999, "TEC_61mya": 999999, "TEC_vsqx5": 999999, "TEC_qwx08": 999999, "TEC_r4cnm": 999999, "TEC_rivjc": 999999, "TEC_9xx8k": 999999, "TEC_lw8b6": 999999, "TEC_udyoy": 999999, "TEC_tmykf": 999999, "TEC_878i1": 999999, "TEC_vdiqu": 999999, "TEC_uny69": 999999, "TEC_uugzu": 999999, "TEC_cdvaq": 999999, "TEC_dioij": 999999, "TEC_qndah": 999999, "TEC_hrpvw": 999999, "TEC_xtpl0": 999999, "TEC_o3ix2": 999999, "TEC_av1gi": 999999, "TEC_ligjg": 999999, "TEC_sqb8r": 999999, "TEC_jodfs": 999999, "TEC_f4j6q": 999999, "TEC_80558": 999999, "TEC_x5dbi": 999999, "TEC_dnhrf": 999999, "TEC_u6xfw": 999999, "TEC_g46xz": 999999, "TEC_kmvst": 999999, "TEC_bp7pj": 999999, "TEC_k43od": 999999, "TEC_wddf4": 999999, "TEC_cl5fz": 999999, "TEC_s6tdz": 999999, "TEC_bfb5m": 999999, "TEC_k6czi": 999999, "TEC_9hps5": 999999, "TEC_tw8me": 999999, "TEC_md4p2": 999999, "TEC_llp85": 999999, "TEC_ptcxs": 999999, "TEC_229pp": 999999, "TEC_wsxay": 999999, "TEC_frrfk": 999999, "TEC_4daq1": 999999, "TEC_8oeyt": 999999, "TEC_9khh5": 999999, "TEC_sko07": 999999, "TEC_n7jyt": 999999, "TEC_bvun5": 999999, "TEC_gvofu": 999999, "TEC_ope19": 999999, "TEC_or1hg": 999999, "TEC_bc993": 999999, "TEC_unk1y": 999999, "TEC_7rocn": 999999, "TEC_01nqd": 999999, "TEC_9farr": 999999, "TEC_7eerq": 999999, "TEC_tpdv1": 999999, "TEC_i8m9b": 999999, "TEC_45ayw": 999999, "TEC_tph42": 999999, "TEC_eg7cp": 999999, "TEC_acsp9": 999999, "TEC_j7c3r": 999999}]}}