{"osy-views": {"TTMPA": [], "ANC": [], "AIC": [], "CI": [], "AFOC": [], "AVOC": [{"osy-viewId": "VIEW_gti3k", "osy-viewname": "COSTOSVARIABLES_total", "osy-viewdesc": "", "osy-viewdef": "{\"showZeros\":false,\"showColumnTotals\":2,\"showRowTotals\":2,\"defaultFilterType\":3,\"totalsBeforeData\":false,\"sortableGroups\":true,\"fields\":[{\"binding\":\"Case\",\"header\":\"Case\",\"dataType\":1,\"aggregate\":2,\"showAs\":0,\"descending\":false,\"format\":\"n0\",\"isContentHtml\":false,\"key\":\"Case\",\"filter\":{\"filterText\":\"\",\"showValues\":{\"test_updated_exp_dem\":true}}},{\"binding\":\"Year\",\"header\":\"Year\",\"dataType\":1,\"aggregate\":2,\"showAs\":0,\"descending\":false,\"format\":\"n0\",\"isContentHtml\":false,\"key\":\"Year\"},{\"binding\":\"Value\",\"header\":\"Value\",\"dataType\":2,\"aggregate\":1,\"showAs\":0,\"descending\":false,\"format\":\"n0\",\"isContentHtml\":false,\"key\":\"Value\"},{\"binding\":\"Tech\",\"header\":\"Tech\",\"dataType\":1,\"aggregate\":2,\"showAs\":0,\"descending\":false,\"format\":\"n0\",\"isContentHtml\":true,\"key\":\"Tech\"},{\"binding\":\"TechGroup\",\"header\":\"Tech Group\",\"dataType\":1,\"aggregate\":2,\"showAs\":0,\"descending\":false,\"format\":\"n0\",\"isContentHtml\":false,\"key\":\"Tech Group\",\"filter\":{\"filterText\":\"\",\"showValues\":{\"PRO_AGR\":true,\"PRO_LIV\":true}}},{\"binding\":\"TechDesc\",\"header\":\"Tech Desc\",\"dataType\":1,\"aggregate\":2,\"showAs\":0,\"descending\":false,\"format\":\"n0\",\"isContentHtml\":true,\"key\":\"Tech Desc\"},{\"binding\":\"TechGroupDesc\",\"header\":\"Tech Group Desc\",\"dataType\":1,\"aggregate\":2,\"showAs\":0,\"descending\":false,\"format\":\"n0\",\"isContentHtml\":false,\"key\":\"Tech Group Desc\"},{\"binding\":\"Unit\",\"header\":\"Unit\",\"dataType\":1,\"aggregate\":2,\"showAs\":0,\"descending\":false,\"format\":\"n0\",\"isContentHtml\":true,\"key\":\"Unit\"}],\"rowFields\":{\"items\":[\"Case\",\"Year\"]},\"columnFields\":{\"items\":[\"Tech\"]},\"filterFields\":{\"items\":[\"Tech Group\"]},\"valueFields\":{\"items\":[\"Value\"]}}"}], "NC": [], "NONTU": [], "SV": [], "TCA": [], "TEP": [], "NSC": [], "ANSC": [], "SVS": [], "CIS": [], "TATABM": [], "ITNC": [], "ITTC": [], "ATE": [{"osy-viewId": "VIEW_9afmo", "osy-viewname": "GHG emissions in AGR plus UTCUTS", "osy-viewdesc": "", "osy-viewdef": "{\"showZeros\":false,\"showColumnTotals\":2,\"showRowTotals\":2,\"defaultFilterType\":3,\"totalsBeforeData\":false,\"sortableGroups\":true,\"fields\":[{\"binding\":\"Case\",\"header\":\"Case\",\"dataType\":1,\"aggregate\":2,\"showAs\":0,\"descending\":false,\"format\":\"n0\",\"isContentHtml\":false,\"key\":\"Case\",\"filter\":{\"filterText\":\"\",\"showValues\":{\"test_all_Emiss\":true}}},{\"binding\":\"Year\",\"header\":\"Year\",\"dataType\":1,\"aggregate\":2,\"showAs\":0,\"descending\":false,\"format\":\"n0\",\"isContentHtml\":false,\"key\":\"Year\"},{\"binding\":\"Value\",\"header\":\"Value\",\"dataType\":2,\"aggregate\":1,\"showAs\":0,\"descending\":false,\"format\":\"n4\",\"isContentHtml\":false,\"key\":\"Value\"},{\"binding\":\"Emi\",\"header\":\"Emi\",\"dataType\":1,\"aggregate\":2,\"showAs\":0,\"descending\":false,\"format\":\"n0\",\"isContentHtml\":true,\"key\":\"Emi\",\"filter\":{\"filterText\":\"\",\"showValues\":{\"CO2_eq_FE\":true,\"CO2_eq_GE\":true,\"CO2_eq_RCP\":true,\"CO2_eq_SA\":true,\"CO2_eq_UTCUTS_COB\":true,\"CO2_eq_UTCUTS_Cul\":true,\"CO2_eq_UTCUTS_For\":true,\"CO2_eq_UTCUTS_Pas\":true}}},{\"binding\":\"EmiDesc\",\"header\":\"Emi Desc\",\"dataType\":1,\"aggregate\":2,\"showAs\":0,\"descending\":false,\"format\":\"n0\",\"isContentHtml\":true,\"key\":\"Emi Desc\"},{\"binding\":\"Unit\",\"header\":\"Unit\",\"dataType\":1,\"aggregate\":2,\"showAs\":0,\"descending\":false,\"format\":\"n0\",\"isContentHtml\":true,\"key\":\"Unit\"},{\"binding\":\"Tech\",\"header\":\"Tech\",\"dataType\":1,\"aggregate\":2,\"showAs\":0,\"descending\":false,\"format\":\"n0\",\"isContentHtml\":true,\"key\":\"Tech\"},{\"binding\":\"TechGroup\",\"header\":\"Tech Group\",\"dataType\":1,\"aggregate\":2,\"showAs\":0,\"descending\":false,\"format\":\"n0\",\"isContentHtml\":false,\"key\":\"Tech Group\"},{\"binding\":\"TechDesc\",\"header\":\"Tech Desc\",\"dataType\":1,\"aggregate\":2,\"showAs\":0,\"descending\":false,\"format\":\"n0\",\"isContentHtml\":true,\"key\":\"Tech Desc\"},{\"binding\":\"TechGroupDesc\",\"header\":\"Tech Group Desc\",\"dataType\":1,\"aggregate\":2,\"showAs\":0,\"descending\":false,\"format\":\"n0\",\"isContentHtml\":false,\"key\":\"Tech Group Desc\"}],\"rowFields\":{\"items\":[\"Case\",\"Year\"]},\"columnFields\":{\"items\":[\"Tech\",\"Emi\"]},\"filterFields\":{\"items\":[]},\"valueFields\":{\"items\":[\"Value\"]}}"}, {"osy-viewId": "VIEW_g7xw3", "osy-viewname": "GHG emissions in Agriculture", "osy-viewdesc": "", "osy-viewdef": "{\"showZeros\":false,\"showColumnTotals\":2,\"showRowTotals\":2,\"defaultFilterType\":3,\"totalsBeforeData\":false,\"sortableGroups\":true,\"fields\":[{\"binding\":\"Case\",\"header\":\"Case\",\"dataType\":1,\"aggregate\":2,\"showAs\":0,\"descending\":false,\"format\":\"n0\",\"isContentHtml\":false,\"key\":\"Case\",\"filter\":{\"filterText\":\"\",\"showValues\":{\"test_all_Emiss\":true}}},{\"binding\":\"Year\",\"header\":\"Year\",\"dataType\":1,\"aggregate\":2,\"showAs\":0,\"descending\":false,\"format\":\"n0\",\"isContentHtml\":false,\"key\":\"Year\"},{\"binding\":\"Value\",\"header\":\"Value\",\"dataType\":2,\"aggregate\":1,\"showAs\":0,\"descending\":false,\"format\":\"n4\",\"isContentHtml\":false,\"key\":\"Value\"},{\"binding\":\"Emi\",\"header\":\"Emi\",\"dataType\":1,\"aggregate\":2,\"showAs\":0,\"descending\":false,\"format\":\"n0\",\"isContentHtml\":true,\"key\":\"Emi\",\"filter\":{\"filterText\":\"\",\"showValues\":{\"CO2_eq_FE\":true,\"CO2_eq_GE\":true,\"CO2_eq_RCP\":true,\"CO2_eq_SA\":true}}},{\"binding\":\"EmiDesc\",\"header\":\"Emi Desc\",\"dataType\":1,\"aggregate\":2,\"showAs\":0,\"descending\":false,\"format\":\"n0\",\"isContentHtml\":true,\"key\":\"Emi Desc\"},{\"binding\":\"Unit\",\"header\":\"Unit\",\"dataType\":1,\"aggregate\":2,\"showAs\":0,\"descending\":false,\"format\":\"n0\",\"isContentHtml\":true,\"key\":\"Unit\"},{\"binding\":\"Tech\",\"header\":\"Tech\",\"dataType\":1,\"aggregate\":2,\"showAs\":0,\"descending\":false,\"format\":\"n0\",\"isContentHtml\":true,\"key\":\"Tech\"},{\"binding\":\"TechGroup\",\"header\":\"Tech Group\",\"dataType\":1,\"aggregate\":2,\"showAs\":0,\"descending\":false,\"format\":\"n0\",\"isContentHtml\":false,\"key\":\"Tech Group\"},{\"binding\":\"TechDesc\",\"header\":\"Tech Desc\",\"dataType\":1,\"aggregate\":2,\"showAs\":0,\"descending\":false,\"format\":\"n0\",\"isContentHtml\":true,\"key\":\"Tech Desc\"},{\"binding\":\"TechGroupDesc\",\"header\":\"Tech Group Desc\",\"dataType\":1,\"aggregate\":2,\"showAs\":0,\"descending\":false,\"format\":\"n0\",\"isContentHtml\":false,\"key\":\"Tech Group Desc\"}],\"rowFields\":{\"items\":[\"Case\",\"Year\"]},\"columnFields\":{\"items\":[\"Tech\",\"Emi\"]},\"filterFields\":{\"items\":[]},\"valueFields\":{\"items\":[\"Value\"]}}"}, {"osy-viewId": "VIEW_d3drr", "osy-viewname": "GHG emissions from UTCUTS", "osy-viewdesc": "", "osy-viewdef": "{\"showZeros\":false,\"showColumnTotals\":2,\"showRowTotals\":2,\"defaultFilterType\":3,\"totalsBeforeData\":false,\"sortableGroups\":true,\"fields\":[{\"binding\":\"Case\",\"header\":\"Case\",\"dataType\":1,\"aggregate\":2,\"showAs\":0,\"descending\":false,\"format\":\"n0\",\"isContentHtml\":false,\"key\":\"Case\",\"filter\":{\"filterText\":\"\",\"showValues\":{\"test_all_Emiss\":true}}},{\"binding\":\"Year\",\"header\":\"Year\",\"dataType\":1,\"aggregate\":2,\"showAs\":0,\"descending\":false,\"format\":\"n0\",\"isContentHtml\":false,\"key\":\"Year\"},{\"binding\":\"Value\",\"header\":\"Value\",\"dataType\":2,\"aggregate\":1,\"showAs\":0,\"descending\":false,\"format\":\"n4\",\"isContentHtml\":false,\"key\":\"Value\"},{\"binding\":\"Emi\",\"header\":\"Emi\",\"dataType\":1,\"aggregate\":2,\"showAs\":0,\"descending\":false,\"format\":\"n0\",\"isContentHtml\":true,\"key\":\"Emi\",\"filter\":{\"filterText\":\"\",\"showValues\":{\"CO2_eq_UTCUTS_COB\":true,\"CO2_eq_UTCUTS_Cul\":true,\"CO2_eq_UTCUTS_For\":true,\"CO2_eq_UTCUTS_Pas\":true}}},{\"binding\":\"EmiDesc\",\"header\":\"Emi Desc\",\"dataType\":1,\"aggregate\":2,\"showAs\":0,\"descending\":false,\"format\":\"n0\",\"isContentHtml\":true,\"key\":\"Emi Desc\"},{\"binding\":\"Unit\",\"header\":\"Unit\",\"dataType\":1,\"aggregate\":2,\"showAs\":0,\"descending\":false,\"format\":\"n0\",\"isContentHtml\":true,\"key\":\"Unit\"},{\"binding\":\"Tech\",\"header\":\"Tech\",\"dataType\":1,\"aggregate\":2,\"showAs\":0,\"descending\":false,\"format\":\"n0\",\"isContentHtml\":true,\"key\":\"Tech\"},{\"binding\":\"TechGroup\",\"header\":\"Tech Group\",\"dataType\":1,\"aggregate\":2,\"showAs\":0,\"descending\":false,\"format\":\"n0\",\"isContentHtml\":false,\"key\":\"Tech Group\"},{\"binding\":\"TechDesc\",\"header\":\"Tech Desc\",\"dataType\":1,\"aggregate\":2,\"showAs\":0,\"descending\":false,\"format\":\"n0\",\"isContentHtml\":true,\"key\":\"Tech Desc\"},{\"binding\":\"TechGroupDesc\",\"header\":\"Tech Group Desc\",\"dataType\":1,\"aggregate\":2,\"showAs\":0,\"descending\":false,\"format\":\"n0\",\"isContentHtml\":false,\"key\":\"Tech Group Desc\"}],\"rowFields\":{\"items\":[\"Case\",\"Year\"]},\"columnFields\":{\"items\":[\"Tech\",\"Emi\"]},\"filterFields\":{\"items\":[]},\"valueFields\":{\"items\":[\"Value\"]}}"}], "D": [], "ATEBM": [], "EBAC": [], "ROA": [], "PBT": [{"osy-viewId": "VIEW_f8z2l", "osy-viewname": "WaterBalance-0904", "osy-viewdesc": "", "osy-viewdef": "{\"showZeros\":false,\"showColumnTotals\":2,\"showRowTotals\":2,\"defaultFilterType\":3,\"totalsBeforeData\":false,\"sortableGroups\":true,\"fields\":[{\"binding\":\"Case\",\"header\":\"Case\",\"dataType\":1,\"aggregate\":2,\"showAs\":0,\"descending\":false,\"format\":\"n0\",\"isContentHtml\":false,\"key\":\"Case\",\"filter\":{\"filterText\":\"\",\"showValues\":{\"test03-0904\":true}}},{\"binding\":\"MoId\",\"header\":\"Mo Id\",\"dataType\":2,\"aggregate\":1,\"showAs\":0,\"descending\":false,\"format\":\"n0\",\"isContentHtml\":false,\"key\":\"Mo Id\"},{\"binding\":\"Ts\",\"header\":\"Ts\",\"dataType\":1,\"aggregate\":2,\"showAs\":0,\"descending\":false,\"format\":\"n0\",\"isContentHtml\":false,\"key\":\"Ts\"},{\"binding\":\"Year\",\"header\":\"Year\",\"dataType\":1,\"aggregate\":2,\"showAs\":0,\"descending\":false,\"format\":\"n0\",\"isContentHtml\":false,\"key\":\"Year\"},{\"binding\":\"Value\",\"header\":\"Value\",\"dataType\":2,\"aggregate\":1,\"showAs\":0,\"descending\":false,\"format\":\"n3\",\"isContentHtml\":false,\"key\":\"Value\"},{\"binding\":\"Comm\",\"header\":\"Comm\",\"dataType\":1,\"aggregate\":2,\"showAs\":0,\"descending\":false,\"format\":\"n0\",\"isContentHtml\":true,\"key\":\"Comm\",\"filter\":{\"filterText\":\"wat\",\"showValues\":{\"WAT_EVT_ATL\":true,\"WAT_EVT_CAM\":true,\"WAT_EVT_EST\":true,\"WAT_EVT_OZA\":true,\"WAT_EVT_YAN\":true,\"WAT_EVT_YAS\":true,\"WAT_GWT_ATL\":true,\"WAT_GWT_CAM\":true,\"WAT_GWT_EST\":true,\"WAT_GWT_OZA\":true,\"WAT_GWT_YAN\":true,\"WAT_GWT_YAS\":true,\"WAT_RUN_ATL\":true,\"WAT_RUN_CAM\":true,\"WAT_RUN_EST\":true,\"WAT_RUN_OZA\":true,\"WAT_RUN_YAN\":true,\"WAT_RUN_YAS\":true}}},{\"binding\":\"CommDesc\",\"header\":\"Comm Desc\",\"dataType\":1,\"aggregate\":2,\"showAs\":0,\"descending\":false,\"format\":\"n0\",\"isContentHtml\":true,\"key\":\"Comm Desc\"},{\"binding\":\"Unit\",\"header\":\"Unit\",\"dataType\":1,\"aggregate\":2,\"showAs\":0,\"descending\":false,\"format\":\"n0\",\"isContentHtml\":true,\"key\":\"Unit\"},{\"binding\":\"Tech\",\"header\":\"Tech\",\"dataType\":1,\"aggregate\":2,\"showAs\":0,\"descending\":false,\"format\":\"n0\",\"isContentHtml\":true,\"key\":\"Tech\"},{\"binding\":\"TechGroup\",\"header\":\"Tech Group\",\"dataType\":1,\"aggregate\":2,\"showAs\":0,\"descending\":false,\"format\":\"n0\",\"isContentHtml\":false,\"key\":\"Tech Group\"},{\"binding\":\"TechDesc\",\"header\":\"Tech Desc\",\"dataType\":1,\"aggregate\":2,\"showAs\":0,\"descending\":false,\"format\":\"n0\",\"isContentHtml\":true,\"key\":\"Tech Desc\"},{\"binding\":\"TechGroupDesc\",\"header\":\"Tech Group Desc\",\"dataType\":1,\"aggregate\":2,\"showAs\":0,\"descending\":false,\"format\":\"n0\",\"isContentHtml\":false,\"key\":\"Tech Group Desc\"}],\"rowFields\":{\"items\":[\"Case\",\"Year\"]},\"columnFields\":{\"items\":[\"Tech\"]},\"filterFields\":{\"items\":[\"Comm\"]},\"valueFields\":{\"items\":[\"Value\"]}}"}, {"osy-viewId": "VIEW_yegql", "osy-viewname": "DEM_WAT_ATL", "osy-viewdesc": "", "osy-viewdef": "{\"showZeros\":false,\"showColumnTotals\":0,\"showRowTotals\":0,\"defaultFilterType\":3,\"totalsBeforeData\":false,\"sortableGroups\":true,\"fields\":[{\"binding\":\"Case\",\"header\":\"Case\",\"dataType\":1,\"aggregate\":2,\"showAs\":0,\"descending\":false,\"format\":\"n0\",\"isContentHtml\":false,\"key\":\"Case\",\"filter\":{\"filterText\":\"\",\"showValues\":{\"test03-0904\":true}}},{\"binding\":\"MoId\",\"header\":\"Mo Id\",\"dataType\":2,\"aggregate\":1,\"showAs\":0,\"descending\":false,\"format\":\"n0\",\"isContentHtml\":false,\"key\":\"Mo Id\"},{\"binding\":\"Ts\",\"header\":\"Ts\",\"dataType\":1,\"aggregate\":2,\"showAs\":0,\"descending\":false,\"format\":\"n0\",\"isContentHtml\":false,\"key\":\"Ts\"},{\"binding\":\"Year\",\"header\":\"Year\",\"dataType\":1,\"aggregate\":2,\"showAs\":0,\"descending\":false,\"format\":\"n0\",\"isContentHtml\":false,\"key\":\"Year\"},{\"binding\":\"Value\",\"header\":\"Value\",\"dataType\":2,\"aggregate\":1,\"showAs\":0,\"descending\":false,\"format\":\"n0\",\"isContentHtml\":false,\"key\":\"Value\"},{\"binding\":\"Comm\",\"header\":\"Comm\",\"dataType\":1,\"aggregate\":2,\"showAs\":0,\"descending\":false,\"format\":\"n0\",\"isContentHtml\":true,\"key\":\"Comm\"},{\"binding\":\"CommDesc\",\"header\":\"Comm Desc\",\"dataType\":1,\"aggregate\":2,\"showAs\":0,\"descending\":false,\"format\":\"n0\",\"isContentHtml\":true,\"key\":\"Comm Desc\"},{\"binding\":\"Unit\",\"header\":\"Unit\",\"dataType\":1,\"aggregate\":2,\"showAs\":0,\"descending\":false,\"format\":\"n0\",\"isContentHtml\":true,\"key\":\"Unit\"},{\"binding\":\"Tech\",\"header\":\"Tech\",\"dataType\":1,\"aggregate\":2,\"showAs\":0,\"descending\":false,\"format\":\"n0\",\"isContentHtml\":true,\"key\":\"Tech\",\"filter\":{\"filterText\":\"\",\"showValues\":{\"DEM_AGR_SUR_WAT_ATL\":true,\"DEM_ECO_SUR_WAT_ATL\":true,\"DEM_IND_SUR_WAT_ATL\":true,\"DEM_LIV_SUR_WAT_ATL\":true,\"DEM_PUB_SUR_WAT_ATL\":true,\"DEM_TUR_SUR_WAT_ATL\":true}}},{\"binding\":\"TechGroup\",\"header\":\"Tech Group\",\"dataType\":1,\"aggregate\":2,\"showAs\":0,\"descending\":false,\"format\":\"n0\",\"isContentHtml\":false,\"key\":\"Tech Group\"},{\"binding\":\"TechDesc\",\"header\":\"Tech Desc\",\"dataType\":1,\"aggregate\":2,\"showAs\":0,\"descending\":false,\"format\":\"n0\",\"isContentHtml\":true,\"key\":\"Tech Desc\"},{\"binding\":\"TechGroupDesc\",\"header\":\"Tech Group Desc\",\"dataType\":1,\"aggregate\":2,\"showAs\":0,\"descending\":false,\"format\":\"n0\",\"isContentHtml\":false,\"key\":\"Tech Group Desc\"}],\"rowFields\":{\"items\":[\"Case\",\"Year\"]},\"columnFields\":{\"items\":[\"Tech\"]},\"filterFields\":{\"items\":[]},\"valueFields\":{\"items\":[\"Value\"]}}"}, {"osy-viewId": "VIEW_ylhbl", "osy-viewname": "DEM_WAT_ATL", "osy-viewdesc": "", "osy-viewdef": "{\"showZeros\":false,\"showColumnTotals\":2,\"showRowTotals\":0,\"defaultFilterType\":3,\"totalsBeforeData\":false,\"sortableGroups\":true,\"fields\":[{\"binding\":\"Case\",\"header\":\"Case\",\"dataType\":1,\"aggregate\":2,\"showAs\":0,\"descending\":false,\"format\":\"n0\",\"isContentHtml\":false,\"key\":\"Case\",\"filter\":{\"filterText\":\"\",\"showValues\":{\"test03-1405\":true}}},{\"binding\":\"MoId\",\"header\":\"Mo Id\",\"dataType\":2,\"aggregate\":1,\"showAs\":0,\"descending\":false,\"format\":\"n0\",\"isContentHtml\":false,\"key\":\"Mo Id\"},{\"binding\":\"Ts\",\"header\":\"Ts\",\"dataType\":1,\"aggregate\":2,\"showAs\":0,\"descending\":false,\"format\":\"n0\",\"isContentHtml\":false,\"key\":\"Ts\"},{\"binding\":\"Year\",\"header\":\"Year\",\"dataType\":1,\"aggregate\":2,\"showAs\":0,\"descending\":false,\"format\":\"n0\",\"isContentHtml\":false,\"key\":\"Year\"},{\"binding\":\"Value\",\"header\":\"Value\",\"dataType\":2,\"aggregate\":1,\"showAs\":0,\"descending\":false,\"format\":\"n3\",\"isContentHtml\":false,\"key\":\"Value\"},{\"binding\":\"Comm\",\"header\":\"Comm\",\"dataType\":1,\"aggregate\":2,\"showAs\":0,\"descending\":false,\"format\":\"n0\",\"isContentHtml\":true,\"key\":\"Comm\"},{\"binding\":\"CommDesc\",\"header\":\"Comm Desc\",\"dataType\":1,\"aggregate\":2,\"showAs\":0,\"descending\":false,\"format\":\"n0\",\"isContentHtml\":true,\"key\":\"Comm Desc\"},{\"binding\":\"Unit\",\"header\":\"Unit\",\"dataType\":1,\"aggregate\":2,\"showAs\":0,\"descending\":false,\"format\":\"n0\",\"isContentHtml\":true,\"key\":\"Unit\"},{\"binding\":\"Tech\",\"header\":\"Tech\",\"dataType\":1,\"aggregate\":2,\"showAs\":0,\"descending\":false,\"format\":\"n0\",\"isContentHtml\":true,\"key\":\"Tech\",\"filter\":{\"filterText\":\"\",\"showValues\":{\"DEM_AGR_SUR_WAT_ATL\":true,\"DEM_ECO_SUR_WAT_ATL\":true,\"DEM_IND_SUR_WAT_ATL\":true,\"DEM_LIV_SUR_WAT_ATL\":true,\"DEM_PUB_SUR_WAT_ATL\":true,\"DEM_TUR_SUR_WAT_ATL\":true}}},{\"binding\":\"TechGroup\",\"header\":\"Tech Group\",\"dataType\":1,\"aggregate\":2,\"showAs\":0,\"descending\":false,\"format\":\"n0\",\"isContentHtml\":false,\"key\":\"Tech Group\"},{\"binding\":\"TechDesc\",\"header\":\"Tech Desc\",\"dataType\":1,\"aggregate\":2,\"showAs\":0,\"descending\":false,\"format\":\"n0\",\"isContentHtml\":true,\"key\":\"Tech Desc\"},{\"binding\":\"TechGroupDesc\",\"header\":\"Tech Group Desc\",\"dataType\":1,\"aggregate\":2,\"showAs\":0,\"descending\":false,\"format\":\"n0\",\"isContentHtml\":false,\"key\":\"Tech Group Desc\"}],\"rowFields\":{\"items\":[\"Case\",\"Year\"]},\"columnFields\":{\"items\":[\"Tech\"]},\"filterFields\":{\"items\":[]},\"valueFields\":{\"items\":[\"Value\"]}}"}, {"osy-viewId": "VIEW_hfjk3", "osy-viewname": "DEM_WAT_EST", "osy-viewdesc": "", "osy-viewdef": "{\"showZeros\":false,\"showColumnTotals\":2,\"showRowTotals\":0,\"defaultFilterType\":3,\"totalsBeforeData\":false,\"sortableGroups\":true,\"fields\":[{\"binding\":\"Case\",\"header\":\"Case\",\"dataType\":1,\"aggregate\":2,\"showAs\":0,\"descending\":false,\"format\":\"n0\",\"isContentHtml\":false,\"key\":\"Case\",\"filter\":{\"filterText\":\"\",\"showValues\":{\"test03-1405\":true}}},{\"binding\":\"MoId\",\"header\":\"Mo Id\",\"dataType\":2,\"aggregate\":1,\"showAs\":0,\"descending\":false,\"format\":\"n0\",\"isContentHtml\":false,\"key\":\"Mo Id\"},{\"binding\":\"Ts\",\"header\":\"Ts\",\"dataType\":1,\"aggregate\":2,\"showAs\":0,\"descending\":false,\"format\":\"n0\",\"isContentHtml\":false,\"key\":\"Ts\"},{\"binding\":\"Year\",\"header\":\"Year\",\"dataType\":1,\"aggregate\":2,\"showAs\":0,\"descending\":false,\"format\":\"n0\",\"isContentHtml\":false,\"key\":\"Year\"},{\"binding\":\"Value\",\"header\":\"Value\",\"dataType\":2,\"aggregate\":1,\"showAs\":0,\"descending\":false,\"format\":\"n3\",\"isContentHtml\":false,\"key\":\"Value\"},{\"binding\":\"Comm\",\"header\":\"Comm\",\"dataType\":1,\"aggregate\":2,\"showAs\":0,\"descending\":false,\"format\":\"n0\",\"isContentHtml\":true,\"key\":\"Comm\"},{\"binding\":\"CommDesc\",\"header\":\"Comm Desc\",\"dataType\":1,\"aggregate\":2,\"showAs\":0,\"descending\":false,\"format\":\"n0\",\"isContentHtml\":true,\"key\":\"Comm Desc\"},{\"binding\":\"Unit\",\"header\":\"Unit\",\"dataType\":1,\"aggregate\":2,\"showAs\":0,\"descending\":false,\"format\":\"n0\",\"isContentHtml\":true,\"key\":\"Unit\"},{\"binding\":\"Tech\",\"header\":\"Tech\",\"dataType\":1,\"aggregate\":2,\"showAs\":0,\"descending\":false,\"format\":\"n0\",\"isContentHtml\":true,\"key\":\"Tech\",\"filter\":{\"condition1\":{\"operator\":8,\"value\":\"dem\"},\"and\":true,\"condition2\":{\"operator\":8,\"value\":\"est\"}}},{\"binding\":\"TechGroup\",\"header\":\"Tech Group\",\"dataType\":1,\"aggregate\":2,\"showAs\":0,\"descending\":false,\"format\":\"n0\",\"isContentHtml\":false,\"key\":\"Tech Group\"},{\"binding\":\"TechDesc\",\"header\":\"Tech Desc\",\"dataType\":1,\"aggregate\":2,\"showAs\":0,\"descending\":false,\"format\":\"n0\",\"isContentHtml\":true,\"key\":\"Tech Desc\"},{\"binding\":\"TechGroupDesc\",\"header\":\"Tech Group Desc\",\"dataType\":1,\"aggregate\":2,\"showAs\":0,\"descending\":false,\"format\":\"n0\",\"isContentHtml\":false,\"key\":\"Tech Group Desc\"}],\"rowFields\":{\"items\":[\"Case\",\"Year\"]},\"columnFields\":{\"items\":[\"Tech\"]},\"filterFields\":{\"items\":[]},\"valueFields\":{\"items\":[\"Value\"]}}"}, {"osy-viewId": "VIEW_kiapr", "osy-viewname": "DEM_WAT_CAM", "osy-viewdesc": "", "osy-viewdef": "{\"showZeros\":false,\"showColumnTotals\":2,\"showRowTotals\":0,\"defaultFilterType\":3,\"totalsBeforeData\":false,\"sortableGroups\":true,\"fields\":[{\"binding\":\"Case\",\"header\":\"Case\",\"dataType\":1,\"aggregate\":2,\"showAs\":0,\"descending\":false,\"format\":\"n0\",\"isContentHtml\":false,\"key\":\"Case\",\"filter\":{\"filterText\":\"\",\"showValues\":{\"test03-1405\":true}}},{\"binding\":\"MoId\",\"header\":\"Mo Id\",\"dataType\":2,\"aggregate\":1,\"showAs\":0,\"descending\":false,\"format\":\"n0\",\"isContentHtml\":false,\"key\":\"Mo Id\"},{\"binding\":\"Ts\",\"header\":\"Ts\",\"dataType\":1,\"aggregate\":2,\"showAs\":0,\"descending\":false,\"format\":\"n0\",\"isContentHtml\":false,\"key\":\"Ts\"},{\"binding\":\"Year\",\"header\":\"Year\",\"dataType\":1,\"aggregate\":2,\"showAs\":0,\"descending\":false,\"format\":\"n0\",\"isContentHtml\":false,\"key\":\"Year\"},{\"binding\":\"Value\",\"header\":\"Value\",\"dataType\":2,\"aggregate\":1,\"showAs\":0,\"descending\":false,\"format\":\"n3\",\"isContentHtml\":false,\"key\":\"Value\"},{\"binding\":\"Comm\",\"header\":\"Comm\",\"dataType\":1,\"aggregate\":2,\"showAs\":0,\"descending\":false,\"format\":\"n0\",\"isContentHtml\":true,\"key\":\"Comm\"},{\"binding\":\"CommDesc\",\"header\":\"Comm Desc\",\"dataType\":1,\"aggregate\":2,\"showAs\":0,\"descending\":false,\"format\":\"n0\",\"isContentHtml\":true,\"key\":\"Comm Desc\"},{\"binding\":\"Unit\",\"header\":\"Unit\",\"dataType\":1,\"aggregate\":2,\"showAs\":0,\"descending\":false,\"format\":\"n0\",\"isContentHtml\":true,\"key\":\"Unit\"},{\"binding\":\"Tech\",\"header\":\"Tech\",\"dataType\":1,\"aggregate\":2,\"showAs\":0,\"descending\":false,\"format\":\"n0\",\"isContentHtml\":true,\"key\":\"Tech\",\"filter\":{\"condition1\":{\"operator\":8,\"value\":\"cam\"},\"and\":true,\"condition2\":{\"operator\":8,\"value\":\"dem\"}}},{\"binding\":\"TechGroup\",\"header\":\"Tech Group\",\"dataType\":1,\"aggregate\":2,\"showAs\":0,\"descending\":false,\"format\":\"n0\",\"isContentHtml\":false,\"key\":\"Tech Group\"},{\"binding\":\"TechDesc\",\"header\":\"Tech Desc\",\"dataType\":1,\"aggregate\":2,\"showAs\":0,\"descending\":false,\"format\":\"n0\",\"isContentHtml\":true,\"key\":\"Tech Desc\"},{\"binding\":\"TechGroupDesc\",\"header\":\"Tech Group Desc\",\"dataType\":1,\"aggregate\":2,\"showAs\":0,\"descending\":false,\"format\":\"n0\",\"isContentHtml\":false,\"key\":\"Tech Group Desc\"}],\"rowFields\":{\"items\":[\"Case\",\"Year\"]},\"columnFields\":{\"items\":[\"Tech\"]},\"filterFields\":{\"items\":[]},\"valueFields\":{\"items\":[\"Value\"]}}"}, {"osy-viewId": "VIEW_oxmwf", "osy-viewname": "DEM_WAT_OZA", "osy-viewdesc": "", "osy-viewdef": "{\"showZeros\":false,\"showColumnTotals\":2,\"showRowTotals\":0,\"defaultFilterType\":3,\"totalsBeforeData\":false,\"sortableGroups\":true,\"fields\":[{\"binding\":\"Case\",\"header\":\"Case\",\"dataType\":1,\"aggregate\":2,\"showAs\":0,\"descending\":false,\"format\":\"n0\",\"isContentHtml\":false,\"key\":\"Case\",\"filter\":{\"filterText\":\"\",\"showValues\":{\"test03-1405\":true}}},{\"binding\":\"MoId\",\"header\":\"Mo Id\",\"dataType\":2,\"aggregate\":1,\"showAs\":0,\"descending\":false,\"format\":\"n0\",\"isContentHtml\":false,\"key\":\"Mo Id\"},{\"binding\":\"Ts\",\"header\":\"Ts\",\"dataType\":1,\"aggregate\":2,\"showAs\":0,\"descending\":false,\"format\":\"n0\",\"isContentHtml\":false,\"key\":\"Ts\"},{\"binding\":\"Year\",\"header\":\"Year\",\"dataType\":1,\"aggregate\":2,\"showAs\":0,\"descending\":false,\"format\":\"n0\",\"isContentHtml\":false,\"key\":\"Year\"},{\"binding\":\"Value\",\"header\":\"Value\",\"dataType\":2,\"aggregate\":1,\"showAs\":0,\"descending\":false,\"format\":\"n3\",\"isContentHtml\":false,\"key\":\"Value\"},{\"binding\":\"Comm\",\"header\":\"Comm\",\"dataType\":1,\"aggregate\":2,\"showAs\":0,\"descending\":false,\"format\":\"n0\",\"isContentHtml\":true,\"key\":\"Comm\"},{\"binding\":\"CommDesc\",\"header\":\"Comm Desc\",\"dataType\":1,\"aggregate\":2,\"showAs\":0,\"descending\":false,\"format\":\"n0\",\"isContentHtml\":true,\"key\":\"Comm Desc\"},{\"binding\":\"Unit\",\"header\":\"Unit\",\"dataType\":1,\"aggregate\":2,\"showAs\":0,\"descending\":false,\"format\":\"n0\",\"isContentHtml\":true,\"key\":\"Unit\"},{\"binding\":\"Tech\",\"header\":\"Tech\",\"dataType\":1,\"aggregate\":2,\"showAs\":0,\"descending\":false,\"format\":\"n0\",\"isContentHtml\":true,\"key\":\"Tech\",\"filter\":{\"condition1\":{\"operator\":8,\"value\":\"oza\"},\"and\":true,\"condition2\":{\"operator\":8,\"value\":\"dem\"}}},{\"binding\":\"TechGroup\",\"header\":\"Tech Group\",\"dataType\":1,\"aggregate\":2,\"showAs\":0,\"descending\":false,\"format\":\"n0\",\"isContentHtml\":false,\"key\":\"Tech Group\"},{\"binding\":\"TechDesc\",\"header\":\"Tech Desc\",\"dataType\":1,\"aggregate\":2,\"showAs\":0,\"descending\":false,\"format\":\"n0\",\"isContentHtml\":true,\"key\":\"Tech Desc\"},{\"binding\":\"TechGroupDesc\",\"header\":\"Tech Group Desc\",\"dataType\":1,\"aggregate\":2,\"showAs\":0,\"descending\":false,\"format\":\"n0\",\"isContentHtml\":false,\"key\":\"Tech Group Desc\"}],\"rowFields\":{\"items\":[\"Case\",\"Year\"]},\"columnFields\":{\"items\":[\"Tech\"]},\"filterFields\":{\"items\":[]},\"valueFields\":{\"items\":[\"Value\"]}}"}, {"osy-viewId": "VIEW_cq7lh", "osy-viewname": "DEM_WAT_YAN", "osy-viewdesc": "", "osy-viewdef": "{\"showZeros\":false,\"showColumnTotals\":2,\"showRowTotals\":0,\"defaultFilterType\":3,\"totalsBeforeData\":false,\"sortableGroups\":true,\"fields\":[{\"binding\":\"Case\",\"header\":\"Case\",\"dataType\":1,\"aggregate\":2,\"showAs\":0,\"descending\":false,\"format\":\"n0\",\"isContentHtml\":false,\"key\":\"Case\",\"filter\":{\"filterText\":\"\",\"showValues\":{\"test03-1405\":true}}},{\"binding\":\"MoId\",\"header\":\"Mo Id\",\"dataType\":2,\"aggregate\":1,\"showAs\":0,\"descending\":false,\"format\":\"n0\",\"isContentHtml\":false,\"key\":\"Mo Id\"},{\"binding\":\"Ts\",\"header\":\"Ts\",\"dataType\":1,\"aggregate\":2,\"showAs\":0,\"descending\":false,\"format\":\"n0\",\"isContentHtml\":false,\"key\":\"Ts\"},{\"binding\":\"Year\",\"header\":\"Year\",\"dataType\":1,\"aggregate\":2,\"showAs\":0,\"descending\":false,\"format\":\"n0\",\"isContentHtml\":false,\"key\":\"Year\"},{\"binding\":\"Value\",\"header\":\"Value\",\"dataType\":2,\"aggregate\":1,\"showAs\":0,\"descending\":false,\"format\":\"n3\",\"isContentHtml\":false,\"key\":\"Value\"},{\"binding\":\"Comm\",\"header\":\"Comm\",\"dataType\":1,\"aggregate\":2,\"showAs\":0,\"descending\":false,\"format\":\"n0\",\"isContentHtml\":true,\"key\":\"Comm\"},{\"binding\":\"CommDesc\",\"header\":\"Comm Desc\",\"dataType\":1,\"aggregate\":2,\"showAs\":0,\"descending\":false,\"format\":\"n0\",\"isContentHtml\":true,\"key\":\"Comm Desc\"},{\"binding\":\"Unit\",\"header\":\"Unit\",\"dataType\":1,\"aggregate\":2,\"showAs\":0,\"descending\":false,\"format\":\"n0\",\"isContentHtml\":true,\"key\":\"Unit\"},{\"binding\":\"Tech\",\"header\":\"Tech\",\"dataType\":1,\"aggregate\":2,\"showAs\":0,\"descending\":false,\"format\":\"n0\",\"isContentHtml\":true,\"key\":\"Tech\",\"filter\":{\"condition1\":{\"operator\":8,\"value\":\"yan\"},\"and\":true,\"condition2\":{\"operator\":8,\"value\":\"dem\"}}},{\"binding\":\"TechGroup\",\"header\":\"Tech Group\",\"dataType\":1,\"aggregate\":2,\"showAs\":0,\"descending\":false,\"format\":\"n0\",\"isContentHtml\":false,\"key\":\"Tech Group\"},{\"binding\":\"TechDesc\",\"header\":\"Tech Desc\",\"dataType\":1,\"aggregate\":2,\"showAs\":0,\"descending\":false,\"format\":\"n0\",\"isContentHtml\":true,\"key\":\"Tech Desc\"},{\"binding\":\"TechGroupDesc\",\"header\":\"Tech Group Desc\",\"dataType\":1,\"aggregate\":2,\"showAs\":0,\"descending\":false,\"format\":\"n0\",\"isContentHtml\":false,\"key\":\"Tech Group Desc\"}],\"rowFields\":{\"items\":[\"Case\",\"Year\"]},\"columnFields\":{\"items\":[\"Tech\"]},\"filterFields\":{\"items\":[]},\"valueFields\":{\"items\":[\"Value\"]}}"}, {"osy-viewId": "VIEW_dqvmg", "osy-viewname": "DEM_WAT_YAS", "osy-viewdesc": "", "osy-viewdef": "{\"showZeros\":false,\"showColumnTotals\":2,\"showRowTotals\":0,\"defaultFilterType\":3,\"totalsBeforeData\":false,\"sortableGroups\":true,\"fields\":[{\"binding\":\"Case\",\"header\":\"Case\",\"dataType\":1,\"aggregate\":2,\"showAs\":0,\"descending\":false,\"format\":\"n0\",\"isContentHtml\":false,\"key\":\"Case\",\"filter\":{\"filterText\":\"\",\"showValues\":{\"test03-1405\":true}}},{\"binding\":\"MoId\",\"header\":\"Mo Id\",\"dataType\":2,\"aggregate\":1,\"showAs\":0,\"descending\":false,\"format\":\"n0\",\"isContentHtml\":false,\"key\":\"Mo Id\"},{\"binding\":\"Ts\",\"header\":\"Ts\",\"dataType\":1,\"aggregate\":2,\"showAs\":0,\"descending\":false,\"format\":\"n0\",\"isContentHtml\":false,\"key\":\"Ts\"},{\"binding\":\"Year\",\"header\":\"Year\",\"dataType\":1,\"aggregate\":2,\"showAs\":0,\"descending\":false,\"format\":\"n0\",\"isContentHtml\":false,\"key\":\"Year\"},{\"binding\":\"Value\",\"header\":\"Value\",\"dataType\":2,\"aggregate\":1,\"showAs\":0,\"descending\":false,\"format\":\"n3\",\"isContentHtml\":false,\"key\":\"Value\"},{\"binding\":\"Comm\",\"header\":\"Comm\",\"dataType\":1,\"aggregate\":2,\"showAs\":0,\"descending\":false,\"format\":\"n0\",\"isContentHtml\":true,\"key\":\"Comm\"},{\"binding\":\"CommDesc\",\"header\":\"Comm Desc\",\"dataType\":1,\"aggregate\":2,\"showAs\":0,\"descending\":false,\"format\":\"n0\",\"isContentHtml\":true,\"key\":\"Comm Desc\"},{\"binding\":\"Unit\",\"header\":\"Unit\",\"dataType\":1,\"aggregate\":2,\"showAs\":0,\"descending\":false,\"format\":\"n0\",\"isContentHtml\":true,\"key\":\"Unit\"},{\"binding\":\"Tech\",\"header\":\"Tech\",\"dataType\":1,\"aggregate\":2,\"showAs\":0,\"descending\":false,\"format\":\"n0\",\"isContentHtml\":true,\"key\":\"Tech\",\"filter\":{\"condition1\":{\"operator\":8,\"value\":\"yas\"},\"and\":true,\"condition2\":{\"operator\":8,\"value\":\"dem\"}}},{\"binding\":\"TechGroup\",\"header\":\"Tech Group\",\"dataType\":1,\"aggregate\":2,\"showAs\":0,\"descending\":false,\"format\":\"n0\",\"isContentHtml\":false,\"key\":\"Tech Group\"},{\"binding\":\"TechDesc\",\"header\":\"Tech Desc\",\"dataType\":1,\"aggregate\":2,\"showAs\":0,\"descending\":false,\"format\":\"n0\",\"isContentHtml\":true,\"key\":\"Tech Desc\"},{\"binding\":\"TechGroupDesc\",\"header\":\"Tech Group Desc\",\"dataType\":1,\"aggregate\":2,\"showAs\":0,\"descending\":false,\"format\":\"n0\",\"isContentHtml\":false,\"key\":\"Tech Group Desc\"}],\"rowFields\":{\"items\":[\"Case\",\"Year\"]},\"columnFields\":{\"items\":[\"Tech\"]},\"filterFields\":{\"items\":[]},\"valueFields\":{\"items\":[\"Value\"]}}"}, {"osy-viewId": "VIEW_bmaq1", "osy-viewname": "IMP_AGR", "osy-viewdesc": "", "osy-viewdef": "{\"showZeros\":false,\"showColumnTotals\":0,\"showRowTotals\":0,\"defaultFilterType\":3,\"totalsBeforeData\":false,\"sortableGroups\":true,\"fields\":[{\"binding\":\"Case\",\"header\":\"Case\",\"dataType\":1,\"aggregate\":2,\"showAs\":0,\"descending\":false,\"format\":\"n0\",\"isContentHtml\":false,\"key\":\"Case\",\"filter\":{\"filterText\":\"\",\"showValues\":{\"test_updated_exp_dem\":true}}},{\"binding\":\"MoId\",\"header\":\"Mo Id\",\"dataType\":2,\"aggregate\":1,\"showAs\":0,\"descending\":false,\"format\":\"n0\",\"isContentHtml\":false,\"key\":\"Mo Id\"},{\"binding\":\"Ts\",\"header\":\"Ts\",\"dataType\":1,\"aggregate\":2,\"showAs\":0,\"descending\":false,\"format\":\"n0\",\"isContentHtml\":false,\"key\":\"Ts\"},{\"binding\":\"Year\",\"header\":\"Year\",\"dataType\":1,\"aggregate\":2,\"showAs\":0,\"descending\":false,\"format\":\"n0\",\"isContentHtml\":false,\"key\":\"Year\"},{\"binding\":\"Value\",\"header\":\"Value\",\"dataType\":2,\"aggregate\":1,\"showAs\":0,\"descending\":false,\"format\":\"n0\",\"isContentHtml\":false,\"key\":\"Value\"},{\"binding\":\"Comm\",\"header\":\"Comm\",\"dataType\":1,\"aggregate\":2,\"showAs\":0,\"descending\":false,\"format\":\"n0\",\"isContentHtml\":true,\"key\":\"Comm\"},{\"binding\":\"CommDesc\",\"header\":\"Comm Desc\",\"dataType\":1,\"aggregate\":2,\"showAs\":0,\"descending\":false,\"format\":\"n0\",\"isContentHtml\":true,\"key\":\"Comm Desc\"},{\"binding\":\"Unit\",\"header\":\"Unit\",\"dataType\":1,\"aggregate\":2,\"showAs\":0,\"descending\":false,\"format\":\"n0\",\"isContentHtml\":true,\"key\":\"Unit\"},{\"binding\":\"Tech\",\"header\":\"Tech\",\"dataType\":1,\"aggregate\":2,\"showAs\":0,\"descending\":false,\"format\":\"n0\",\"isContentHtml\":true,\"key\":\"Tech\"},{\"binding\":\"TechGroup\",\"header\":\"Tech Group\",\"dataType\":1,\"aggregate\":2,\"showAs\":0,\"descending\":false,\"format\":\"n0\",\"isContentHtml\":false,\"key\":\"Tech Group\",\"filter\":{\"filterText\":\"imp\",\"showValues\":{\"IMP_AGR\":true}}},{\"binding\":\"TechDesc\",\"header\":\"Tech Desc\",\"dataType\":1,\"aggregate\":2,\"showAs\":0,\"descending\":false,\"format\":\"n0\",\"isContentHtml\":true,\"key\":\"Tech Desc\"},{\"binding\":\"TechGroupDesc\",\"header\":\"Tech Group Desc\",\"dataType\":1,\"aggregate\":2,\"showAs\":0,\"descending\":false,\"format\":\"n0\",\"isContentHtml\":false,\"key\":\"Tech Group Desc\"}],\"rowFields\":{\"items\":[\"Case\",\"Year\"]},\"columnFields\":{\"items\":[\"Tech\"]},\"filterFields\":{\"items\":[\"Tech Group\"]},\"valueFields\":{\"items\":[\"Value\"]}}"}, {"osy-viewId": "VIEW_fnvtf", "osy-viewname": "IMP_AGR_1", "osy-viewdesc": "", "osy-viewdef": "{\"showZeros\":false,\"showColumnTotals\":0,\"showRowTotals\":0,\"defaultFilterType\":3,\"totalsBeforeData\":false,\"sortableGroups\":true,\"fields\":[{\"binding\":\"Case\",\"header\":\"Case\",\"dataType\":1,\"aggregate\":2,\"showAs\":0,\"descending\":false,\"format\":\"n0\",\"isContentHtml\":false,\"key\":\"Case\",\"filter\":{\"filterText\":\"\",\"showValues\":{\"test_cost_liv\":true}}},{\"binding\":\"MoId\",\"header\":\"Mo Id\",\"dataType\":2,\"aggregate\":1,\"showAs\":0,\"descending\":false,\"format\":\"n0\",\"isContentHtml\":false,\"key\":\"Mo Id\"},{\"binding\":\"Ts\",\"header\":\"Ts\",\"dataType\":1,\"aggregate\":2,\"showAs\":0,\"descending\":false,\"format\":\"n0\",\"isContentHtml\":false,\"key\":\"Ts\"},{\"binding\":\"Year\",\"header\":\"Year\",\"dataType\":1,\"aggregate\":2,\"showAs\":0,\"descending\":false,\"format\":\"n0\",\"isContentHtml\":false,\"key\":\"Year\"},{\"binding\":\"Value\",\"header\":\"Value\",\"dataType\":2,\"aggregate\":1,\"showAs\":0,\"descending\":false,\"format\":\"n0\",\"isContentHtml\":false,\"key\":\"Value\"},{\"binding\":\"Comm\",\"header\":\"Comm\",\"dataType\":1,\"aggregate\":2,\"showAs\":0,\"descending\":false,\"format\":\"n0\",\"isContentHtml\":true,\"key\":\"Comm\"},{\"binding\":\"CommDesc\",\"header\":\"Comm Desc\",\"dataType\":1,\"aggregate\":2,\"showAs\":0,\"descending\":false,\"format\":\"n0\",\"isContentHtml\":true,\"key\":\"Comm Desc\"},{\"binding\":\"Unit\",\"header\":\"Unit\",\"dataType\":1,\"aggregate\":2,\"showAs\":0,\"descending\":false,\"format\":\"n0\",\"isContentHtml\":true,\"key\":\"Unit\"},{\"binding\":\"Tech\",\"header\":\"Tech\",\"dataType\":1,\"aggregate\":2,\"showAs\":0,\"descending\":false,\"format\":\"n0\",\"isContentHtml\":true,\"key\":\"Tech\"},{\"binding\":\"TechGroup\",\"header\":\"Tech Group\",\"dataType\":1,\"aggregate\":2,\"showAs\":0,\"descending\":false,\"format\":\"n0\",\"isContentHtml\":false,\"key\":\"Tech Group\",\"filter\":{\"filterText\":\"imp\",\"showValues\":{\"IMP_AGR\":true}}},{\"binding\":\"TechDesc\",\"header\":\"Tech Desc\",\"dataType\":1,\"aggregate\":2,\"showAs\":0,\"descending\":false,\"format\":\"n0\",\"isContentHtml\":true,\"key\":\"Tech Desc\"},{\"binding\":\"TechGroupDesc\",\"header\":\"Tech Group Desc\",\"dataType\":1,\"aggregate\":2,\"showAs\":0,\"descending\":false,\"format\":\"n0\",\"isContentHtml\":false,\"key\":\"Tech Group Desc\"}],\"rowFields\":{\"items\":[\"Case\",\"Year\"]},\"columnFields\":{\"items\":[\"Tech\"]},\"filterFields\":{\"items\":[\"Tech Group\"]},\"valueFields\":{\"items\":[\"Value\"]}}"}, {"osy-viewId": "VIEW_ovohg", "osy-viewname": "IMP_LIV", "osy-viewdesc": "", "osy-viewdef": "{\"showZeros\":false,\"showColumnTotals\":0,\"showRowTotals\":0,\"defaultFilterType\":3,\"totalsBeforeData\":false,\"sortableGroups\":true,\"fields\":[{\"binding\":\"Case\",\"header\":\"Case\",\"dataType\":1,\"aggregate\":2,\"showAs\":0,\"descending\":false,\"format\":\"n0\",\"isContentHtml\":false,\"key\":\"Case\",\"filter\":{\"filterText\":\"\",\"showValues\":{\"test_cost_liv\":true}}},{\"binding\":\"MoId\",\"header\":\"Mo Id\",\"dataType\":2,\"aggregate\":1,\"showAs\":0,\"descending\":false,\"format\":\"n0\",\"isContentHtml\":false,\"key\":\"Mo Id\"},{\"binding\":\"Ts\",\"header\":\"Ts\",\"dataType\":1,\"aggregate\":2,\"showAs\":0,\"descending\":false,\"format\":\"n0\",\"isContentHtml\":false,\"key\":\"Ts\"},{\"binding\":\"Year\",\"header\":\"Year\",\"dataType\":1,\"aggregate\":2,\"showAs\":0,\"descending\":false,\"format\":\"n0\",\"isContentHtml\":false,\"key\":\"Year\"},{\"binding\":\"Value\",\"header\":\"Value\",\"dataType\":2,\"aggregate\":1,\"showAs\":0,\"descending\":false,\"format\":\"n0\",\"isContentHtml\":false,\"key\":\"Value\"},{\"binding\":\"Comm\",\"header\":\"Comm\",\"dataType\":1,\"aggregate\":2,\"showAs\":0,\"descending\":false,\"format\":\"n0\",\"isContentHtml\":true,\"key\":\"Comm\"},{\"binding\":\"CommDesc\",\"header\":\"Comm Desc\",\"dataType\":1,\"aggregate\":2,\"showAs\":0,\"descending\":false,\"format\":\"n0\",\"isContentHtml\":true,\"key\":\"Comm Desc\"},{\"binding\":\"Unit\",\"header\":\"Unit\",\"dataType\":1,\"aggregate\":2,\"showAs\":0,\"descending\":false,\"format\":\"n0\",\"isContentHtml\":true,\"key\":\"Unit\"},{\"binding\":\"Tech\",\"header\":\"Tech\",\"dataType\":1,\"aggregate\":2,\"showAs\":0,\"descending\":false,\"format\":\"n0\",\"isContentHtml\":true,\"key\":\"Tech\"},{\"binding\":\"TechGroup\",\"header\":\"Tech Group\",\"dataType\":1,\"aggregate\":2,\"showAs\":0,\"descending\":false,\"format\":\"n0\",\"isContentHtml\":false,\"key\":\"Tech Group\",\"filter\":{\"filterText\":\"imp\",\"showValues\":{\"IMP_LIV\":true}}},{\"binding\":\"TechDesc\",\"header\":\"Tech Desc\",\"dataType\":1,\"aggregate\":2,\"showAs\":0,\"descending\":false,\"format\":\"n0\",\"isContentHtml\":true,\"key\":\"Tech Desc\"},{\"binding\":\"TechGroupDesc\",\"header\":\"Tech Group Desc\",\"dataType\":1,\"aggregate\":2,\"showAs\":0,\"descending\":false,\"format\":\"n0\",\"isContentHtml\":false,\"key\":\"Tech Group Desc\"}],\"rowFields\":{\"items\":[\"Case\",\"Year\"]},\"columnFields\":{\"items\":[\"Tech\"]},\"filterFields\":{\"items\":[\"Tech Group\"]},\"valueFields\":{\"items\":[\"Value\"]}}"}, {"osy-viewId": "VIEW_yxdj8", "osy-viewname": "prod-total-agr", "osy-viewdesc": "", "osy-viewdef": "{\"showZeros\":false,\"showColumnTotals\":0,\"showRowTotals\":0,\"defaultFilterType\":3,\"totalsBeforeData\":false,\"sortableGroups\":true,\"fields\":[{\"binding\":\"Case\",\"header\":\"Case\",\"dataType\":1,\"aggregate\":2,\"showAs\":0,\"descending\":false,\"format\":\"n0\",\"isContentHtml\":false,\"key\":\"Case\",\"filter\":{\"filterText\":\"\",\"showValues\":{\"test_cost_liv\":true}}},{\"binding\":\"MoId\",\"header\":\"Mo Id\",\"dataType\":2,\"aggregate\":1,\"showAs\":0,\"descending\":false,\"format\":\"n0\",\"isContentHtml\":false,\"key\":\"Mo Id\"},{\"binding\":\"Ts\",\"header\":\"Ts\",\"dataType\":1,\"aggregate\":2,\"showAs\":0,\"descending\":false,\"format\":\"n0\",\"isContentHtml\":false,\"key\":\"Ts\"},{\"binding\":\"Year\",\"header\":\"Year\",\"dataType\":1,\"aggregate\":2,\"showAs\":0,\"descending\":false,\"format\":\"n0\",\"isContentHtml\":false,\"key\":\"Year\"},{\"binding\":\"Value\",\"header\":\"Value\",\"dataType\":2,\"aggregate\":1,\"showAs\":0,\"descending\":false,\"format\":\"n0\",\"isContentHtml\":false,\"key\":\"Value\"},{\"binding\":\"Comm\",\"header\":\"Comm\",\"dataType\":1,\"aggregate\":2,\"showAs\":0,\"descending\":false,\"format\":\"n0\",\"isContentHtml\":true,\"key\":\"Comm\",\"filter\":{\"filterText\":\"crp\",\"showValues\":{\"CRP_BAN\":true,\"CRP_BAN_DEM\":true,\"CRP_CCN\":true,\"CRP_CER\":true,\"CRP_CER_DEM\":true,\"CRP_COC\":true,\"CRP_COC_DEM\":true,\"CRP_COF\":true,\"CRP_COF_DEM\":true,\"CRP_CON_DEM\":true,\"CRP_FRU\":true,\"CRP_FRU_DEM\":true,\"CRP_LEG\":true,\"CRP_LEG_DEM\":true,\"CRP_RCP\":true,\"CRP_RCP_DEM\":true,\"CRP_ROO\":true,\"CRP_ROO_DEM\":true,\"CRP_SGC\":true,\"CRP_SGC_DEM\":true,\"CRP_TOB\":true,\"CRP_TOB_DEM\":true,\"CRP_VEG\":true,\"CRP_VEG_DEM\":true,\"EXP_CRP_BAN\":true,\"EXP_CRP_CER\":true,\"EXP_CRP_COC\":true,\"EXP_CRP_COF\":true,\"EXP_CRP_CON\":true,\"EXP_CRP_FRU\":true,\"EXP_CRP_LEG\":true,\"EXP_CRP_RCP\":true,\"EXP_CRP_ROO\":true,\"EXP_CRP_SGC\":true,\"EXP_CRP_TOB\":true,\"EXP_CRP_VEG\":true}}},{\"binding\":\"CommDesc\",\"header\":\"Comm Desc\",\"dataType\":1,\"aggregate\":2,\"showAs\":0,\"descending\":false,\"format\":\"n0\",\"isContentHtml\":true,\"key\":\"Comm Desc\"},{\"binding\":\"Unit\",\"header\":\"Unit\",\"dataType\":1,\"aggregate\":2,\"showAs\":0,\"descending\":false,\"format\":\"n0\",\"isContentHtml\":true,\"key\":\"Unit\"},{\"binding\":\"Tech\",\"header\":\"Tech\",\"dataType\":1,\"aggregate\":2,\"showAs\":0,\"descending\":false,\"format\":\"n0\",\"isContentHtml\":true,\"key\":\"Tech\"},{\"binding\":\"TechGroup\",\"header\":\"Tech Group\",\"dataType\":1,\"aggregate\":2,\"showAs\":0,\"descending\":false,\"format\":\"n0\",\"isContentHtml\":false,\"key\":\"Tech Group\",\"filter\":{\"filterText\":\"pro\",\"showValues\":{\"PRO_AGR\":true}}},{\"binding\":\"TechDesc\",\"header\":\"Tech Desc\",\"dataType\":1,\"aggregate\":2,\"showAs\":0,\"descending\":false,\"format\":\"n0\",\"isContentHtml\":true,\"key\":\"Tech Desc\"},{\"binding\":\"TechGroupDesc\",\"header\":\"Tech Group Desc\",\"dataType\":1,\"aggregate\":2,\"showAs\":0,\"descending\":false,\"format\":\"n0\",\"isContentHtml\":false,\"key\":\"Tech Group Desc\"}],\"rowFields\":{\"items\":[\"Case\",\"Year\"]},\"columnFields\":{\"items\":[\"Tech\"]},\"filterFields\":{\"items\":[\"Comm\",\"Tech Group\"]},\"valueFields\":{\"items\":[\"Value\"]}}"}, {"osy-viewId": "VIEW_33lte", "osy-viewname": "prod-total-liv", "osy-viewdesc": "", "osy-viewdef": "{\"showZeros\":false,\"showColumnTotals\":0,\"showRowTotals\":0,\"defaultFilterType\":3,\"totalsBeforeData\":false,\"sortableGroups\":true,\"fields\":[{\"binding\":\"Case\",\"header\":\"Case\",\"dataType\":1,\"aggregate\":2,\"showAs\":0,\"descending\":false,\"format\":\"n0\",\"isContentHtml\":false,\"key\":\"Case\",\"filter\":{\"filterText\":\"\",\"showValues\":{\"test_cost_liv\":true}}},{\"binding\":\"MoId\",\"header\":\"Mo Id\",\"dataType\":2,\"aggregate\":1,\"showAs\":0,\"descending\":false,\"format\":\"n0\",\"isContentHtml\":false,\"key\":\"Mo Id\"},{\"binding\":\"Ts\",\"header\":\"Ts\",\"dataType\":1,\"aggregate\":2,\"showAs\":0,\"descending\":false,\"format\":\"n0\",\"isContentHtml\":false,\"key\":\"Ts\"},{\"binding\":\"Year\",\"header\":\"Year\",\"dataType\":1,\"aggregate\":2,\"showAs\":0,\"descending\":false,\"format\":\"n0\",\"isContentHtml\":false,\"key\":\"Year\"},{\"binding\":\"Value\",\"header\":\"Value\",\"dataType\":2,\"aggregate\":1,\"showAs\":0,\"descending\":false,\"format\":\"n0\",\"isContentHtml\":false,\"key\":\"Value\"},{\"binding\":\"Comm\",\"header\":\"Comm\",\"dataType\":1,\"aggregate\":2,\"showAs\":0,\"descending\":false,\"format\":\"n0\",\"isContentHtml\":true,\"key\":\"Comm\",\"filter\":{\"filterText\":\"\",\"showValues\":{\"MEE_BFF\":true,\"MEE_BIR\":true,\"MEE_OTH\":true,\"MEE_POR\":true,\"MEE_PRO\":true,\"MLK\":true}}},{\"binding\":\"CommDesc\",\"header\":\"Comm Desc\",\"dataType\":1,\"aggregate\":2,\"showAs\":0,\"descending\":false,\"format\":\"n0\",\"isContentHtml\":true,\"key\":\"Comm Desc\"},{\"binding\":\"Unit\",\"header\":\"Unit\",\"dataType\":1,\"aggregate\":2,\"showAs\":0,\"descending\":false,\"format\":\"n0\",\"isContentHtml\":true,\"key\":\"Unit\"},{\"binding\":\"Tech\",\"header\":\"Tech\",\"dataType\":1,\"aggregate\":2,\"showAs\":0,\"descending\":false,\"format\":\"n0\",\"isContentHtml\":true,\"key\":\"Tech\"},{\"binding\":\"TechGroup\",\"header\":\"Tech Group\",\"dataType\":1,\"aggregate\":2,\"showAs\":0,\"descending\":false,\"format\":\"n0\",\"isContentHtml\":false,\"key\":\"Tech Group\",\"filter\":{\"filterText\":\"pro\",\"showValues\":{\"PRO_LIV\":true}}},{\"binding\":\"TechDesc\",\"header\":\"Tech Desc\",\"dataType\":1,\"aggregate\":2,\"showAs\":0,\"descending\":false,\"format\":\"n0\",\"isContentHtml\":true,\"key\":\"Tech Desc\"},{\"binding\":\"TechGroupDesc\",\"header\":\"Tech Group Desc\",\"dataType\":1,\"aggregate\":2,\"showAs\":0,\"descending\":false,\"format\":\"n0\",\"isContentHtml\":false,\"key\":\"Tech Group Desc\"}],\"rowFields\":{\"items\":[\"Case\",\"Year\"]},\"columnFields\":{\"items\":[\"Tech\"]},\"filterFields\":{\"items\":[\"Comm\",\"Tech Group\"]},\"valueFields\":{\"items\":[\"Value\"]}}"}], "ROPBT": [], "ROUBT": [], "UBT": [{"osy-viewId": "VIEW_sgzte", "osy-viewname": "LandUseALL-0409", "osy-viewdesc": "", "osy-viewdef": "{\"showZeros\":false,\"showColumnTotals\":2,\"showRowTotals\":2,\"defaultFilterType\":3,\"totalsBeforeData\":false,\"sortableGroups\":true,\"fields\":[{\"binding\":\"Case\",\"header\":\"Case\",\"dataType\":1,\"aggregate\":2,\"showAs\":0,\"descending\":false,\"format\":\"n0\",\"isContentHtml\":false,\"key\":\"Case\",\"filter\":{\"filterText\":\"\",\"showValues\":{\"test03-0904\":true}}},{\"binding\":\"MoId\",\"header\":\"Mo Id\",\"dataType\":2,\"aggregate\":1,\"showAs\":0,\"descending\":false,\"format\":\"n0\",\"isContentHtml\":false,\"key\":\"Mo Id\"},{\"binding\":\"Ts\",\"header\":\"Ts\",\"dataType\":1,\"aggregate\":2,\"showAs\":0,\"descending\":false,\"format\":\"n0\",\"isContentHtml\":false,\"key\":\"Ts\"},{\"binding\":\"Year\",\"header\":\"Year\",\"dataType\":1,\"aggregate\":2,\"showAs\":0,\"descending\":false,\"format\":\"n0\",\"isContentHtml\":false,\"key\":\"Year\"},{\"binding\":\"Value\",\"header\":\"Value\",\"dataType\":2,\"aggregate\":1,\"showAs\":0,\"descending\":false,\"format\":\"n3\",\"isContentHtml\":false,\"key\":\"Value\"},{\"binding\":\"Comm\",\"header\":\"Comm\",\"dataType\":1,\"aggregate\":2,\"showAs\":0,\"descending\":false,\"format\":\"n0\",\"isContentHtml\":true,\"key\":\"Comm\",\"filter\":{\"filterText\":\"\",\"showValues\":{\"CRP_BAN\":true,\"CRP_CCN\":true,\"CRP_CER\":true,\"CRP_COC\":true,\"CRP_COF\":true,\"CRP_FRU\":true,\"CRP_LEG\":true,\"CRP_RCP\":true,\"CRP_ROO\":true,\"CRP_SGC\":true,\"CRP_TOB\":true,\"CRP_VEG\":true,\"LND_ATL\":true,\"LND_CAM\":true,\"LND_CUL_ATL\":true,\"LND_CUL_CAM\":true,\"LND_CUL_EST\":true,\"LND_CUL_OZA\":true,\"LND_CUL_YAN\":true,\"LND_CUL_YAS\":true,\"LND_EST\":true,\"LND_FOR_ATL\":true,\"LND_FOR_CAM\":true,\"LND_FOR_EST\":true,\"LND_FOR_OZA\":true,\"LND_FOR_YAN\":true,\"LND_FOR_YAS\":true,\"LND_LIV_ATL\":true,\"LND_LIV_CAM\":true,\"LND_LIV_EST\":true,\"LND_LIV_OZA\":true,\"LND_LIV_YAN\":true,\"LND_LIV_YAS\":true,\"LND_OZA\":true,\"LND_YAN\":true,\"LND_YAS\":true,\"MEE_BFF\":true,\"MEE_BIR\":true,\"MEE_OTH\":true,\"MEE_POR\":true,\"MEE_PRO\":true,\"MLK\":true}}},{\"binding\":\"CommDesc\",\"header\":\"Comm Desc\",\"dataType\":1,\"aggregate\":2,\"showAs\":0,\"descending\":false,\"format\":\"n0\",\"isContentHtml\":true,\"key\":\"Comm Desc\"},{\"binding\":\"Unit\",\"header\":\"Unit\",\"dataType\":1,\"aggregate\":2,\"showAs\":0,\"descending\":false,\"format\":\"n0\",\"isContentHtml\":true,\"key\":\"Unit\"},{\"binding\":\"Tech\",\"header\":\"Tech\",\"dataType\":1,\"aggregate\":2,\"showAs\":0,\"descending\":false,\"format\":\"n0\",\"isContentHtml\":true,\"key\":\"Tech\",\"filter\":{\"filterText\":\"\",\"showValues\":{\"AGR_BAN_ATL\":true,\"AGR_BAN_CAM\":true,\"AGR_BAN_EST\":true,\"AGR_BAN_IRR_CAM\":true,\"AGR_BAN_IRR_EST\":true,\"AGR_BAN_IRR_OZA\":true,\"AGR_BAN_IRR_YAN\":true,\"AGR_BAN_IRR_YAS\":true,\"AGR_BAN_OZA\":true,\"AGR_BAN_YAN\":true,\"AGR_BAN_YAS\":true,\"AGR_CER_ATL\":true,\"AGR_CER_CAM\":true,\"AGR_CER_EST\":true,\"AGR_CER_OZA\":true,\"AGR_CER_YAN\":true,\"AGR_CER_YAS\":true,\"AGR_COC_ATL\":true,\"AGR_COC_CAM\":true,\"AGR_COC_EST\":true,\"AGR_COC_OZA\":true,\"AGR_COC_YAN\":true,\"AGR_COF_ATL\":true,\"AGR_COF_CAM\":true,\"AGR_COF_OZA\":true,\"AGR_COF_YAN\":true,\"AGR_COF_YAS\":true,\"AGR_CON_ATL\":true,\"AGR_CON_CAM\":true,\"AGR_CON_EST\":true,\"AGR_CON_OZA\":true,\"AGR_CON_YAN\":true,\"AGR_CON_YAS\":true,\"AGR_FRU_ATL\":true,\"AGR_FRU_CAM\":true,\"AGR_FRU_EST\":true,\"AGR_FRU_OZA\":true,\"AGR_FRU_YAN\":true,\"AGR_FRU_YAS\":true,\"AGR_LEG_ATL\":true,\"AGR_LEG_CAM\":true,\"AGR_LEG_EST\":true,\"AGR_LEG_OZA\":true,\"AGR_LEG_YAN\":true,\"AGR_LEG_YAS\":true,\"AGR_RCP_ATL\":true,\"AGR_RCP_CAM\":true,\"AGR_RCP_EST\":true,\"AGR_RCP_IRR_CAM\":true,\"AGR_RCP_IRR_EST\":true,\"AGR_RCP_IRR_OZA\":true,\"AGR_RCP_IRR_YAN\":true,\"AGR_RCP_IRR_YAS\":true,\"AGR_RCP_YAN\":true,\"AGR_RCP_YAS\":true,\"AGR_ROO_ATL\":true,\"AGR_ROO_CAM\":true,\"AGR_ROO_EST\":true,\"AGR_ROO_OZA\":true,\"AGR_ROO_YAN\":true,\"AGR_ROO_YAS\":true,\"AGR_SGC_EST\":true,\"AGR_SGC_OZA\":true,\"AGR_SGC_YAS\":true,\"AGR_TOB_ATL\":true,\"AGR_TOB_CAM\":true,\"AGR_TOB_YAN\":true,\"AGR_TOB_YAS\":true,\"AGR_VEG_ATL\":true,\"AGR_VEG_CAM\":true,\"AGR_VEG_EST\":true,\"AGR_VEG_OZA\":true,\"AGR_VEG_YAN\":true,\"AGR_VEG_YAS\":true,\"DEM_AGR_SUR_WAT_ATL\":true,\"DEM_AGR_SUR_WAT_CAM\":true,\"DEM_AGR_SUR_WAT_EST\":true,\"DEM_AGR_SUR_WAT_OZA\":true,\"DEM_AGR_SUR_WAT_YAN\":true,\"DEM_AGR_SUR_WAT_YAS\":true,\"DEM_ECO_SUR_WAT_ATL\":true,\"DEM_ECO_SUR_WAT_CAM\":true,\"DEM_ECO_SUR_WAT_EST\":true,\"DEM_ECO_SUR_WAT_OZA\":true,\"DEM_ECO_SUR_WAT_YAN\":true,\"DEM_ECO_SUR_WAT_YAS\":true,\"DEM_IND_SUR_WAT_ATL\":true,\"DEM_IND_SUR_WAT_CAM\":true,\"DEM_IND_SUR_WAT_EST\":true,\"DEM_IND_SUR_WAT_OZA\":true,\"DEM_IND_SUR_WAT_YAN\":true,\"DEM_IND_SUR_WAT_YAS\":true,\"DEM_LIV_SUR_WAT_ATL\":true,\"DEM_LIV_SUR_WAT_CAM\":true,\"DEM_LIV_SUR_WAT_EST\":true,\"DEM_LIV_SUR_WAT_OZA\":true,\"DEM_LIV_SUR_WAT_YAN\":true,\"DEM_LIV_SUR_WAT_YAS\":true,\"DEM_PUB_SUR_WAT_ATL\":true,\"DEM_PUB_SUR_WAT_CAM\":true,\"DEM_PUB_SUR_WAT_EST\":true,\"DEM_PUB_SUR_WAT_OZA\":true,\"DEM_PUB_SUR_WAT_YAN\":true,\"DEM_PUB_SUR_WAT_YAS\":true,\"DEM_TUR_SUR_WAT_ATL\":true,\"DEM_TUR_SUR_WAT_CAM\":true,\"DEM_TUR_SUR_WAT_EST\":true,\"LNU_CNF_ATL\":true,\"LNU_CNF_CAM\":true,\"LNU_CNF_OZA\":true,\"LNU_CNF_YAN\":true,\"LNU_CNF_YAS\":true,\"LNU_COB_ATL\":true,\"LNU_COB_CAM\":true,\"LNU_COB_EST\":true,\"LNU_COB_OZA\":true,\"LNU_COB_YAN\":true,\"LNU_COB_YAS\":true,\"LNU_LAT_ATL\":true,\"LNU_LAT_CAM\":true,\"LNU_LAT_EST\":true,\"LNU_LAT_OZA\":true,\"LNU_LAT_YAN\":true,\"LNU_LAT_YAS\":true,\"LNU_MEE_BFF_ATL\":true,\"LNU_MEE_BFF_CAM\":true,\"LNU_MEE_BFF_EST\":true,\"LNU_MEE_BFF_OZA\":true,\"LNU_MEE_BFF_YAN\":true,\"LNU_MEE_BFF_YAS\":true,\"LNU_MEE_BIR_ATL\":true,\"LNU_MEE_BIR_CAM\":true,\"LNU_MEE_BIR_EST\":true,\"LNU_MEE_BIR_OZA\":true,\"LNU_MEE_BIR_YAN\":true,\"LNU_MEE_BIR_YAS\":true,\"LNU_MEE_POR_ATL\":true,\"LNU_MEE_POR_CAM\":true,\"LNU_MEE_POR_EST\":true,\"LNU_MEE_POR_OZA\":true,\"LNU_MEE_POR_YAN\":true,\"LNU_MEE_POR_YAS\":true,\"LNU_MLK_ATL\":true,\"LNU_MLK_CAM\":true,\"LNU_MLK_EST\":true,\"LNU_MLK_OZA\":true,\"LNU_MLK_YAN\":true,\"LNU_MLK_YAS\":true,\"LNU_OTH_MEE_ATL\":true,\"LNU_OTH_MEE_CAM\":true,\"LNU_OTH_MEE_EST\":true,\"LNU_OTH_MEE_OZA\":true,\"LNU_OTH_MEE_YAN\":true,\"LNU_OTH_MEE_YAS\":true,\"LNU_OTH_PRO_CAM\":true,\"LNU_OTH_PRO_EST\":true,\"LNU_OTH_PRO_OZA\":true,\"LNU_OTH_PRO_YAN\":true,\"LNU_OTH_PRO_YAS\":true,\"LNU_OTH_PROD_ATL\":true,\"LNU_SEC_ATL\":true,\"LNU_SEC_CAM\":true,\"LNU_SEC_OZA\":true,\"LNU_SEC_YAN\":true,\"LNU_SEC_YAS\":true,\"LNU_WET_ATL\":true}}},{\"binding\":\"TechGroup\",\"header\":\"Tech Group\",\"dataType\":1,\"aggregate\":2,\"showAs\":0,\"descending\":false,\"format\":\"n0\",\"isContentHtml\":false,\"key\":\"Tech Group\"},{\"binding\":\"TechDesc\",\"header\":\"Tech Desc\",\"dataType\":1,\"aggregate\":2,\"showAs\":0,\"descending\":false,\"format\":\"n0\",\"isContentHtml\":true,\"key\":\"Tech Desc\"},{\"binding\":\"TechGroupDesc\",\"header\":\"Tech Group Desc\",\"dataType\":1,\"aggregate\":2,\"showAs\":0,\"descending\":false,\"format\":\"n0\",\"isContentHtml\":false,\"key\":\"Tech Group Desc\"}],\"rowFields\":{\"items\":[\"Case\",\"Year\"]},\"columnFields\":{\"items\":[\"Tech\"]},\"filterFields\":{\"items\":[\"Comm\"]},\"valueFields\":{\"items\":[\"Value\"]}}"}, {"osy-viewId": "VIEW_zpmoi", "osy-viewname": "LNDUSEGROUPED-ALL", "osy-viewdesc": "", "osy-viewdef": "{\"showZeros\":false,\"showColumnTotals\":2,\"showRowTotals\":2,\"defaultFilterType\":3,\"totalsBeforeData\":false,\"sortableGroups\":true,\"fields\":[{\"binding\":\"Case\",\"header\":\"Case\",\"dataType\":1,\"aggregate\":2,\"showAs\":0,\"descending\":false,\"format\":\"n0\",\"isContentHtml\":false,\"key\":\"Case\",\"filter\":{\"filterText\":\"\",\"showValues\":{\"test03-0904\":true}}},{\"binding\":\"MoId\",\"header\":\"Mo Id\",\"dataType\":2,\"aggregate\":1,\"showAs\":0,\"descending\":false,\"format\":\"n0\",\"isContentHtml\":false,\"key\":\"Mo Id\"},{\"binding\":\"Ts\",\"header\":\"Ts\",\"dataType\":1,\"aggregate\":2,\"showAs\":0,\"descending\":false,\"format\":\"n0\",\"isContentHtml\":false,\"key\":\"Ts\"},{\"binding\":\"Year\",\"header\":\"Year\",\"dataType\":1,\"aggregate\":2,\"showAs\":0,\"descending\":false,\"format\":\"n0\",\"isContentHtml\":false,\"key\":\"Year\"},{\"binding\":\"Value\",\"header\":\"Value\",\"dataType\":2,\"aggregate\":1,\"showAs\":0,\"descending\":false,\"format\":\"n3\",\"isContentHtml\":false,\"key\":\"Value\"},{\"binding\":\"Comm\",\"header\":\"Comm\",\"dataType\":1,\"aggregate\":2,\"showAs\":0,\"descending\":false,\"format\":\"n0\",\"isContentHtml\":true,\"key\":\"Comm\",\"filter\":{\"filterText\":\"\",\"showValues\":{\"CRP_BAN\":true,\"CRP_CCN\":true,\"CRP_CER\":true,\"CRP_COC\":true,\"CRP_COF\":true,\"CRP_FRU\":true,\"CRP_LEG\":true,\"CRP_RCP\":true,\"CRP_ROO\":true,\"CRP_SGC\":true,\"CRP_TOB\":true,\"CRP_VEG\":true,\"LND_ATL\":true,\"LND_CAM\":true,\"LND_CUL_ATL\":true,\"LND_CUL_CAM\":true,\"LND_CUL_EST\":true,\"LND_CUL_OZA\":true,\"LND_CUL_YAN\":true,\"LND_CUL_YAS\":true,\"LND_EST\":true,\"LND_FOR_ATL\":true,\"LND_FOR_CAM\":true,\"LND_FOR_EST\":true,\"LND_FOR_OZA\":true,\"LND_FOR_YAN\":true,\"LND_FOR_YAS\":true,\"LND_LIV_ATL\":true,\"LND_LIV_CAM\":true,\"LND_LIV_EST\":true,\"LND_LIV_OZA\":true,\"LND_LIV_YAN\":true,\"LND_LIV_YAS\":true,\"LND_OZA\":true,\"LND_YAN\":true,\"LND_YAS\":true,\"MEE_BFF\":true,\"MEE_BIR\":true,\"MEE_OTH\":true,\"MEE_POR\":true,\"MEE_PRO\":true,\"MLK\":true}}},{\"binding\":\"CommDesc\",\"header\":\"Comm Desc\",\"dataType\":1,\"aggregate\":2,\"showAs\":0,\"descending\":false,\"format\":\"n0\",\"isContentHtml\":true,\"key\":\"Comm Desc\"},{\"binding\":\"Unit\",\"header\":\"Unit\",\"dataType\":1,\"aggregate\":2,\"showAs\":0,\"descending\":false,\"format\":\"n0\",\"isContentHtml\":true,\"key\":\"Unit\"},{\"binding\":\"Tech\",\"header\":\"Tech\",\"dataType\":1,\"aggregate\":2,\"showAs\":0,\"descending\":false,\"format\":\"n0\",\"isContentHtml\":true,\"key\":\"Tech\",\"filter\":{\"filterText\":\"lnu\",\"showValues\":{\"LNU_AGR_ATL\":true,\"LNU_AGR_CAM\":true,\"LNU_AGR_EST\":true,\"LNU_AGR_OZA\":true,\"LNU_AGR_YAN\":true,\"LNU_AGR_YAS\":true,\"LNU_COB_ATL\":true,\"LNU_COB_CAM\":true,\"LNU_COB_EST\":true,\"LNU_COB_OZA\":true,\"LNU_COB_YAN\":true,\"LNU_COB_YAS\":true,\"LNU_FOR_ATL\":true,\"LNU_FOR_CAM\":true,\"LNU_FOR_EST\":true,\"LNU_FOR_OZA\":true,\"LNU_FOR_YAN\":true,\"LNU_FOR_YAS\":true,\"LNU_LIV_ATL\":true,\"LNU_LIV_CAM\":true,\"LNU_LIV_EST\":true,\"LNU_LIV_OZA\":true,\"LNU_LIV_YAN\":true,\"LNU_LIV_YAS\":true}}},{\"binding\":\"TechGroup\",\"header\":\"Tech Group\",\"dataType\":1,\"aggregate\":2,\"showAs\":0,\"descending\":false,\"format\":\"n0\",\"isContentHtml\":false,\"key\":\"Tech Group\"},{\"binding\":\"TechDesc\",\"header\":\"Tech Desc\",\"dataType\":1,\"aggregate\":2,\"showAs\":0,\"descending\":false,\"format\":\"n0\",\"isContentHtml\":true,\"key\":\"Tech Desc\"},{\"binding\":\"TechGroupDesc\",\"header\":\"Tech Group Desc\",\"dataType\":1,\"aggregate\":2,\"showAs\":0,\"descending\":false,\"format\":\"n0\",\"isContentHtml\":false,\"key\":\"Tech Group Desc\"}],\"rowFields\":{\"items\":[\"Case\",\"Year\"]},\"columnFields\":{\"items\":[\"Tech\"]},\"filterFields\":{\"items\":[\"Comm\"]},\"valueFields\":{\"items\":[\"Value\"]}}"}]}}